-- USER 데이터
insert into USER (id, email, nickname, method, refresh_token, created_date, updated_date) values (1, 'jfossick0@wikispaces.com', 'Fossick', null, null, '2023-12-27 09:04:45', null);
insert into USER (id, email, nickname, method, refresh_token, created_date, updated_date) values (2, 'slarcher1@goodreads.com', 'Larcher', null, null, '2023-03-03 23:57:50', null);
insert into USER (id, email, nickname, method, refresh_token, created_date, updated_date) values (3, 'hogelbe2@homestead.com', 'Ogelbe', null, null, '2023-01-03 19:05:31', null);
insert into USER (id, email, nickname, method, refresh_token, created_date, updated_date) values (4, 'sgavagan3@nymag.com', 'Gavagan', null, null, '2023-07-29 01:21:54', null);
insert into USER (id, email, nickname, method, refresh_token, created_date, updated_date) values (5, 'nrake4@ftc.gov', 'Rake', null, null, '2023-12-19 20:49:23', null);
insert into USER (id, email, nickname, method, refresh_token, created_date, updated_date) values (6, 'dburnet5@hubpages.com', 'Burnet', null, null, '2023-03-23 09:24:59', null);
insert into USER (id, email, nickname, method, refresh_token, created_date, updated_date) values (7, 'nvlies6@vkontakte.ru', 'Vlies', null, null, '2023-02-28 02:58:15', null);
insert into USER (id, email, nickname, method, refresh_token, created_date, updated_date) values (8, 'ldevons7@baidu.com', 'Devons', null, null, '2023-02-09 14:41:55', null);
insert into USER (id, email, nickname, method, refresh_token, created_date, updated_date) values (9, 'mvandermark8@imgur.com', 'Van der Mark', null, null, '2023-12-10 09:20:06', null);
insert into USER (id, email, nickname, method, refresh_token, created_date, updated_date) values (10, 'bfilchagin9@paginegialle.it', 'Filchagin', null, null, '2023-07-09 04:02:31', null);
insert into USER (id, email, nickname, method, refresh_token, created_date, updated_date) values (11, 'ldureka@ebay.co.uk', 'Durek', null, null, '2023-07-08 21:18:35', null);
insert into USER (id, email, nickname, method, refresh_token, created_date, updated_date) values (12, 'crawesb@is.gd', 'Rawes', null, null, '2023-12-29 21:21:53', null);
insert into USER (id, email, nickname, method, refresh_token, created_date, updated_date) values (13, 'fclewarthc@china.com.cn', 'Clewarth', null, null, '2023-02-10 00:04:36', null);
insert into USER (id, email, nickname, method, refresh_token, created_date, updated_date) values (14, 'tdeclairmontd@businessinsider.com', 'De Clairmont', null, null, '2023-01-28 01:08:20', null);
insert into USER (id, email, nickname, method, refresh_token, created_date, updated_date) values (15, 'mreedse@cam.ac.uk', 'Reeds', null, null, '2023-06-06 22:05:54', null);
insert into USER (id, email, nickname, method, refresh_token, created_date, updated_date) values (16, 'cpuntf@acquirethisname.com', 'Punt', null, null, '2023-11-30 18:13:36', null);
insert into USER (id, email, nickname, method, refresh_token, created_date, updated_date) values (17, 'mleasorg@domainmarket.com', 'Leasor', null, null, '2024-01-06 13:23:15', null);
insert into USER (id, email, nickname, method, refresh_token, created_date, updated_date) values (18, 'mvanbaarenh@netvibes.com', 'Van Baaren', null, null, '2023-03-23 10:04:28', null);
insert into USER (id, email, nickname, method, refresh_token, created_date, updated_date) values (19, 'espuneri@myspace.com', 'Spuner', null, null, '2023-02-16 09:33:14', null);
insert into USER (id, email, nickname, method, refresh_token, created_date, updated_date) values (20, 'arudloffj@techcrunch.com', 'Rudloff', null, null, '2023-12-07 02:15:00', null);



-- POST 데이터
insert into POST (id, user_id, title, tag, created_date, updated_date) values (1, 2, 'Biodex', '#fc9e86', '2024-01-04 22:41:37', null);
insert into POST (id, user_id, title, tag, created_date, updated_date) values (2, 5, 'Toughjoyfax', '#fdd947', '2024-01-02 19:20:20', null);
insert into POST (id, user_id, title, tag, created_date, updated_date) values (3, 17, 'Mat Lam Tam', '#d7c133', '2024-01-06 02:59:06', null);
insert into POST (id, user_id, title, tag, created_date, updated_date) values (4, 15, 'Temp', '#3f5c18', '2023-11-25 17:29:35', null);
insert into POST (id, user_id, title, tag, created_date, updated_date) values (5, 16, 'Sonsing', '#a6d842', '2023-10-07 10:31:01', null);
insert into POST (id, user_id, title, tag, created_date, updated_date) values (6, 14, 'Zontrax', '#503166', '2024-01-09 01:44:12', null);
insert into POST (id, user_id, title, tag, created_date, updated_date) values (7, 12, 'Toughjoyfax', '#ea10c2', '2023-10-19 13:25:26', null);
insert into POST (id, user_id, title, tag, created_date, updated_date) values (8, 8, 'Transcof', '#01c85d', '2024-01-07 03:05:52', null);
insert into POST (id, user_id, title, tag, created_date, updated_date) values (9, 16, 'Bytecard', '#609856', '2024-01-02 18:23:12', null);
insert into POST (id, user_id, title, tag, created_date, updated_date) values (10, 17, 'Zoolab', '#71c514', '2023-11-14 06:42:00', null);
insert into POST (id, user_id, title, tag, created_date, updated_date) values (11, 6, 'Fix San', '#a1ee38', '2023-10-08 23:18:08', null);
insert into POST (id, user_id, title, tag, created_date, updated_date) values (12, 17, 'Otcom', '#49c820', '2023-10-28 12:34:47', null);
insert into POST (id, user_id, title, tag, created_date, updated_date) values (13, 11, 'Trippledex', '#e43b15', '2023-10-01 09:56:46', null);
insert into POST (id, user_id, title, tag, created_date, updated_date) values (14, 6, 'Temp', '#62d6a8', '2023-10-22 19:00:56', null);
insert into POST (id, user_id, title, tag, created_date, updated_date) values (15, 16, 'Biodex', '#332564', '2023-10-07 14:10:55', null);
insert into POST (id, user_id, title, tag, created_date, updated_date) values (16, 13, 'Treeflex', '#db962b', '2023-10-31 00:04:49', null);
insert into POST (id, user_id, title, tag, created_date, updated_date) values (17, 18, 'Bitchip', '#a9e432', '2023-10-26 21:51:05', null);
insert into POST (id, user_id, title, tag, created_date, updated_date) values (18, 14, 'Regrant', '#1ddfed', '2023-10-07 14:29:57', null);
insert into POST (id, user_id, title, tag, created_date, updated_date) values (19, 14, 'Tres-Zap', '#a2334f', '2023-10-28 11:40:37', null);
insert into POST (id, user_id, title, tag, created_date, updated_date) values (20, 1, 'Aerified', '#f91d33', '2023-10-07 03:17:49', null);
insert into POST (id, user_id, title, tag, created_date, updated_date) values (21, 14, 'Lotlux', '#557cf1', '2023-10-08 07:20:06', null);
insert into POST (id, user_id, title, tag, created_date, updated_date) values (22, 14, 'Lotstring', '#4c2556', '2023-10-05 11:10:53', null);
insert into POST (id, user_id, title, tag, created_date, updated_date) values (23, 14, 'Keylex', '#32746c', '2023-10-14 17:59:03', null);
insert into POST (id, user_id, title, tag, created_date, updated_date) values (24, 12, 'Regrant', '#6fbe6f', '2023-11-29 09:47:35', null);
insert into POST (id, user_id, title, tag, created_date, updated_date) values (25, 15, 'Quo Lux', '#a8765a', '2023-12-05 18:24:49', null);
insert into POST (id, user_id, title, tag, created_date, updated_date) values (26, 4, 'Tampflex', '#ac3acb', '2023-11-01 14:15:56', null);
insert into POST (id, user_id, title, tag, created_date, updated_date) values (27, 7, 'Bamity', '#1946a1', '2023-11-04 02:25:58', null);
insert into POST (id, user_id, title, tag, created_date, updated_date) values (28, 4, 'Otcom', '#81ae18', '2023-10-27 03:28:04', null);
insert into POST (id, user_id, title, tag, created_date, updated_date) values (29, 10, 'Holdlamis', '#be9c7f', '2023-11-24 14:49:37', null);
insert into POST (id, user_id, title, tag, created_date, updated_date) values (30, 4, 'Fintone', '#38b16b', '2023-11-11 10:26:30', null);
insert into POST (id, user_id, title, tag, created_date, updated_date) values (31, 10, 'Stronghold', '#d45576', '2023-11-03 06:17:47', null);
insert into POST (id, user_id, title, tag, created_date, updated_date) values (32, 18, 'Fix San', '#fed440', '2023-10-26 10:04:33', null);
insert into POST (id, user_id, title, tag, created_date, updated_date) values (33, 17, 'Prodder', '#697846', '2023-10-16 13:06:35', null);
insert into POST (id, user_id, title, tag, created_date, updated_date) values (34, 11, 'Ventosanzap', '#d4450b', '2024-01-11 00:21:48', null);
insert into POST (id, user_id, title, tag, created_date, updated_date) values (35, 14, 'Lotlux', '#00c269', '2024-01-13 01:18:12', null);
insert into POST (id, user_id, title, tag, created_date, updated_date) values (36, 15, 'Fix San', '#6cc18c', '2023-11-08 15:32:24', null);
insert into POST (id, user_id, title, tag, created_date, updated_date) values (37, 19, 'Greenlam', '#f0c300', '2024-01-01 21:51:38', null);
insert into POST (id, user_id, title, tag, created_date, updated_date) values (38, 12, 'Viva', '#cf9784', '2024-01-10 03:55:17', null);
insert into POST (id, user_id, title, tag, created_date, updated_date) values (39, 13, 'Aerified', '#fc3db2', '2023-11-18 17:09:14', null);
insert into POST (id, user_id, title, tag, created_date, updated_date) values (40, 11, 'Bitwolf', '#9ed716', '2023-12-16 16:58:59', null);
insert into POST (id, user_id, title, tag, created_date, updated_date) values (41, 8, 'Keylex', '#6cce53', '2023-10-30 13:59:39', null);
insert into POST (id, user_id, title, tag, created_date, updated_date) values (42, 20, 'Zontrax', '#d7626f', '2024-01-11 12:06:45', null);
insert into POST (id, user_id, title, tag, created_date, updated_date) values (43, 2, 'Bigtax', '#01bee7', '2023-10-22 08:08:24', null);
insert into POST (id, user_id, title, tag, created_date, updated_date) values (44, 13, 'Tresom', '#90975f', '2023-11-06 19:09:03', null);
insert into POST (id, user_id, title, tag, created_date, updated_date) values (45, 14, 'Zaam-Dox', '#5d94ec', '2023-10-21 04:01:00', null);
insert into POST (id, user_id, title, tag, created_date, updated_date) values (46, 4, 'Aerified', '#b57d44', '2024-01-05 18:01:25', null);
insert into POST (id, user_id, title, tag, created_date, updated_date) values (47, 4, 'Latlux', '#84ac19', '2023-11-17 19:49:59', null);
insert into POST (id, user_id, title, tag, created_date, updated_date) values (48, 10, 'Cardify', '#9b0059', '2023-10-25 19:28:55', null);
insert into POST (id, user_id, title, tag, created_date, updated_date) values (49, 3, 'Trippledex', '#c3fe60', '2023-11-22 14:32:05', null);
insert into POST (id, user_id, title, tag, created_date, updated_date) values (50, 10, 'Toughjoyfax', '#3b7f8a', '2023-12-22 19:27:46', null);



-- PRODUCT 데이터
insert into PRODUCT (id, post_id, user_id, title, price, sale_price, time, content, url, tag, created_date, updated_date) values (1, 27, 1, 'Pellentesque viverra pede ac diam.', 17145, 14117, null, 'Morbi non lectus. Aliquam sit amet diam in magna bibendum imperdiet. Nullam orci pede, venenatis non, sodales sed, tincidunt eu, felis. Fusce posuere felis sed lacus.', 'https://ca.gov/nibh/in/quis/justo/maecenas/rhoncus.jsp?justo=sapien&sit=dignissim&amet=vestibulum&sapien=vestibulum&dignissim=ante&vestibulum=ipsum&vestibulum=primis&ante=in&ipsum=faucibus&primis=orci&in=luctus&faucibus=et&orci=ultrices&luctus=posuere&et=cubilia&ultrices=curae&posuere=nulla&cubilia=dapibus&curae=dolor&nulla=vel&dapibus=est&dolor=donec&vel=odio&est=justo&donec=sollicitudin&odio=ut&justo=suscipit&sollicitudin=a&ut=feugiat&suscipit=et&a=eros&feugiat=vestibulum&et=ac&eros=est&vestibulum=lacinia&ac=nisi&est=venenatis&lacinia=tristique&nisi=fusce&venenatis=congue&tristique=diam&fusce=id&congue=ornare&diam=imperdiet&id=sapien&ornare=urna&imperdiet=pretium&sapien=nisl&urna=ut&pretium=volutpat&nisl=sapien&ut=arcu&volutpat=sed&sapien=augue&arcu=aliquam&sed=erat&augue=volutpat&aliquam=in&erat=congue&volutpat=etiam&in=justo&congue=etiam&etiam=pretium&justo=iaculis&etiam=justo&pretium=in&iaculis=hac', '#c6de8e', '2023-11-18 09:54:38', null);
insert into PRODUCT (id, post_id, user_id, title, price, sale_price, time, content, url, tag, created_date, updated_date) values (2, 8, 4, 'Nam dui.', 57148, 46233, null, 'Maecenas ut massa quis augue luctus tincidunt. Nulla mollis molestie lorem. Quisque ut erat. Curabitur gravida nisi at nibh.', 'http://w3.org/iaculis/diam/erat/fermentum.xml?eros=duis&suspendisse=consequat&accumsan=dui&tortor=nec&quis=nisi&turpis=volutpat&sed=eleifend', '#6a4f54', '2023-09-18 22:25:05', null);
insert into PRODUCT (id, post_id, user_id, title, price, sale_price, time, content, url, tag, created_date, updated_date) values (3, 47, 7, 'Nulla nisl.', 25893, 46186, null, 'Integer ac leo. Pellentesque ultrices mattis odio. Donec vitae nisi.', 'http://liveinternet.ru/varius/nulla/facilisi.jpg?porttitor=eu&lorem=tincidunt&id=in&ligula=leo&suspendisse=maecenas&ornare=pulvinar&consequat=lobortis&lectus=est&in=phasellus&est=sit&risus=amet&auctor=erat&sed=nulla&tristique=tempus&in=vivamus&tempus=in&sit=felis&amet=eu&sem=sapien&fusce=cursus&consequat=vestibulum&nulla=proin&nisl=eu&nunc=mi&nisl=nulla&duis=ac&bibendum=enim&felis=in&sed=tempor&interdum=turpis&venenatis=nec&turpis=euismod&enim=scelerisque&blandit=quam&mi=turpis&in=adipiscing&porttitor=lorem&pede=vitae&justo=mattis&eu=nibh&massa=ligula&donec=nec&dapibus=sem&duis=duis&at=aliquam&velit=convallis&eu=nunc&est=proin&congue=at&elementum=turpis&in=a&hac=pede', '#d2d680', '2023-10-10 15:01:06', null);
insert into PRODUCT (id, post_id, user_id, title, price, sale_price, time, content, url, tag, created_date, updated_date) values (4, 2, 19, 'Integer aliquet, massa id lobortis convallis, tortor risus dapibus augue, vel accumsan tellus nisi eu orci.', 11785, 47265, null, 'Suspendisse ornare consequat lectus. In est risus, auctor sed, tristique in, tempus sit amet, sem. Fusce consequat.', 'https://unesco.org/libero/non/mattis/pulvinar/nulla/pede.html?donec=ante&odio=vivamus&justo=tortor&sollicitudin=duis&ut=mattis&suscipit=egestas&a=metus&feugiat=aenean&et=fermentum&eros=donec&vestibulum=ut&ac=mauris&est=eget&lacinia=massa&nisi=tempor&venenatis=convallis&tristique=nulla&fusce=neque&congue=libero&diam=convallis&id=eget&ornare=eleifend&imperdiet=luctus&sapien=ultricies&urna=eu&pretium=nibh', '#1a9f09', '2023-10-03 09:53:52', null);
insert into PRODUCT (id, post_id, user_id, title, price, sale_price, time, content, url, tag, created_date, updated_date) values (5, 10, 14, 'Curabitur in libero ut massa volutpat convallis.', 16715, 6391, null, 'Suspendisse accumsan tortor quis turpis. Sed ante. Vivamus tortor. Duis mattis egestas metus. Aenean fermentum.', 'http://who.int/arcu/adipiscing/molestie/hendrerit/at/vulputate.json?felis=elit&ut=proin&at=risus&dolor=praesent&quis=lectus&odio=vestibulum&consequat=quam&varius=sapien&integer=varius&ac=ut&leo=blandit&pellentesque=non&ultrices=interdum&mattis=in&odio=ante&donec=vestibulum&vitae=ante&nisi=ipsum&nam=primis&ultrices=in&libero=faucibus&non=orci&mattis=luctus&pulvinar=et&nulla=ultrices&pede=posuere&ullamcorper=cubilia&augue=curae&a=duis&suscipit=faucibus&nulla=accumsan&elit=odio&ac=curabitur&nulla=convallis&sed=duis&vel=consequat&enim=dui&sit=nec&amet=nisi&nunc=volutpat&viverra=eleifend&dapibus=donec&nulla=ut&suscipit=dolor&ligula=morbi&in=vel&lacus=lectus&curabitur=in&at=quam&ipsum=fringilla&ac=rhoncus&tellus=mauris', '#d61dc7', '2023-11-27 21:19:16', null);
insert into PRODUCT (id, post_id, user_id, title, price, sale_price, time, content, url, tag, created_date, updated_date) values (6, 22, 20, 'Donec ut dolor.', 25309, 15357, null, 'Nulla suscipit ligula in lacus.', 'https://angelfire.com/primis/in/faucibus/orci/luctus/et.jpg?amet=aliquet&diam=ultrices&in=erat&magna=tortor&bibendum=sollicitudin&imperdiet=mi&nullam=sit&orci=amet&pede=lobortis&venenatis=sapien&non=sapien&sodales=non&sed=mi&tincidunt=integer&eu=ac&felis=neque&fusce=duis&posuere=bibendum&felis=morbi&sed=non&lacus=quam&morbi=nec&sem=dui&mauris=luctus&laoreet=rutrum&ut=nulla&rhoncus=tellus&aliquet=in&pulvinar=sagittis&sed=dui&nisl=vel&nunc=nisl&rhoncus=duis&dui=ac&vel=nibh&sem=fusce&sed=lacus&sagittis=purus&nam=aliquet&congue=at&risus=feugiat&semper=non&porta=pretium&volutpat=quis&quam=lectus&pede=suspendisse&lobortis=potenti&ligula=in&sit=eleifend&amet=quam&eleifend=a&pede=odio&libero=in&quis=hac&orci=habitasse&nullam=platea&molestie=dictumst&nibh=maecenas&in=ut&lectus=massa&pellentesque=quis&at=augue&nulla=luctus&suspendisse=tincidunt', '#3b454b', '2023-10-13 11:24:13', null);
insert into PRODUCT (id, post_id, user_id, title, price, sale_price, time, content, url, tag, created_date, updated_date) values (7, 7, 19, 'Nam dui.', 46201, 41507, null, 'Duis at velit eu est congue elementum. In hac habitasse platea dictumst. Morbi vestibulum, velit id pretium iaculis, diam erat fermentum justo, nec condimentum neque sapien placerat ante. Nulla justo. Aliquam quis turpis eget elit sodales scelerisque.', 'https://is.gd/maecenas/tincidunt/lacus/at.xml?consectetuer=iaculis&eget=diam&rutrum=erat&at=fermentum&lorem=justo&integer=nec&tincidunt=condimentum&ante=neque&vel=sapien&ipsum=placerat&praesent=ante&blandit=nulla&lacinia=justo&erat=aliquam&vestibulum=quis&sed=turpis&magna=eget&at=elit&nunc=sodales&commodo=scelerisque&placerat=mauris&praesent=sit&blandit=amet&nam=eros&nulla=suspendisse&integer=accumsan&pede=tortor&justo=quis&lacinia=turpis&eget=sed&tincidunt=ante&eget=vivamus&tempus=tortor&vel=duis&pede=mattis&morbi=egestas&porttitor=metus&lorem=aenean&id=fermentum&ligula=donec&suspendisse=ut&ornare=mauris&consequat=eget&lectus=massa&in=tempor&est=convallis&risus=nulla&auctor=neque&sed=libero&tristique=convallis&in=eget&tempus=eleifend&sit=luctus&amet=ultricies&sem=eu&fusce=nibh&consequat=quisque&nulla=id&nisl=justo&nunc=sit&nisl=amet&duis=sapien&bibendum=dignissim&felis=vestibulum&sed=vestibulum&interdum=ante&venenatis=ipsum&turpis=primis&enim=in&blandit=faucibus&mi=orci&in=luctus&porttitor=et&pede=ultrices&justo=posuere&eu=cubilia&massa=curae&donec=nulla&dapibus=dapibus&duis=dolor&at=vel', '#270ef7', '2023-12-26 18:16:57', null);
insert into PRODUCT (id, post_id, user_id, title, price, sale_price, time, content, url, tag, created_date, updated_date) values (8, 39, 17, 'Fusce consequat.', 35925, 41408, null, 'Morbi non lectus.', 'http://nhs.uk/eu/sapien/cursus.aspx?faucibus=ridiculus&accumsan=mus&odio=vivamus&curabitur=vestibulum&convallis=sagittis&duis=sapien&consequat=cum&dui=sociis&nec=natoque&nisi=penatibus&volutpat=et&eleifend=magnis&donec=dis&ut=parturient&dolor=montes&morbi=nascetur&vel=ridiculus&lectus=mus&in=etiam&quam=vel&fringilla=augue&rhoncus=vestibulum&mauris=rutrum&enim=rutrum&leo=neque&rhoncus=aenean&sed=auctor', '#3263ec', '2023-10-11 02:29:42', null);
insert into PRODUCT (id, post_id, user_id, title, price, sale_price, time, content, url, tag, created_date, updated_date) values (9, 31, 15, 'Nulla tempus.', 32180, 36251, null, 'Morbi odio odio, elementum eu, interdum eu, tincidunt in, leo. Maecenas pulvinar lobortis est. Phasellus sit amet erat.', 'http://pinterest.com/felis.xml?amet=ut&consectetuer=rhoncus&adipiscing=aliquet&elit=pulvinar&proin=sed&interdum=nisl&mauris=nunc&non=rhoncus&ligula=dui&pellentesque=vel&ultrices=sem&phasellus=sed&id=sagittis&sapien=nam&in=congue', '#45375b', '2023-11-10 23:00:20', null);
insert into PRODUCT (id, post_id, user_id, title, price, sale_price, time, content, url, tag, created_date, updated_date) values (10, 33, 7, 'Praesent lectus.', 58774, 42059, null, 'Maecenas leo odio, condimentum id, luctus nec, molestie sed, justo.', 'https://kickstarter.com/mauris/lacinia/sapien/quis/libero/nullam/sit.aspx?lacus=cum&at=sociis&velit=natoque&vivamus=penatibus&vel=et&nulla=magnis&eget=dis&eros=parturient&elementum=montes&pellentesque=nascetur&quisque=ridiculus&porta=mus&volutpat=etiam&erat=vel&quisque=augue&erat=vestibulum&eros=rutrum&viverra=rutrum&eget=neque&congue=aenean&eget=auctor&semper=gravida&rutrum=sem&nulla=praesent&nunc=id&purus=massa&phasellus=id&in=nisl&felis=venenatis&donec=lacinia&semper=aenean&sapien=sit&a=amet&libero=justo&nam=morbi&dui=ut&proin=odio&leo=cras&odio=mi&porttitor=pede&id=malesuada&consequat=in&in=imperdiet&consequat=et&ut=commodo&nulla=vulputate&sed=justo&accumsan=in&felis=blandit&ut=ultrices&at=enim&dolor=lorem&quis=ipsum&odio=dolor&consequat=sit&varius=amet&integer=consectetuer&ac=adipiscing&leo=elit&pellentesque=proin&ultrices=interdum&mattis=mauris&odio=non&donec=ligula&vitae=pellentesque&nisi=ultrices&nam=phasellus&ultrices=id&libero=sapien&non=in&mattis=sapien&pulvinar=iaculis&nulla=congue&pede=vivamus', '#0e2391', '2023-12-29 13:55:25', null);
insert into PRODUCT (id, post_id, user_id, title, price, sale_price, time, content, url, tag, created_date, updated_date) values (11, 35, 17, 'Integer a nibh.', 44811, 47495, null, 'Integer pede justo, lacinia eget, tincidunt eget, tempus vel, pede. Morbi porttitor lorem id ligula. Suspendisse ornare consequat lectus.', 'http://dropbox.com/dictumst/maecenas/ut/massa.jpg?magnis=sit&dis=amet&parturient=eleifend&montes=pede&nascetur=libero&ridiculus=quis&mus=orci&etiam=nullam&vel=molestie&augue=nibh&vestibulum=in&rutrum=lectus&rutrum=pellentesque&neque=at&aenean=nulla&auctor=suspendisse&gravida=potenti&sem=cras&praesent=in&id=purus&massa=eu&id=magna&nisl=vulputate&venenatis=luctus&lacinia=cum&aenean=sociis&sit=natoque&amet=penatibus&justo=et&morbi=magnis&ut=dis&odio=parturient&cras=montes&mi=nascetur&pede=ridiculus&malesuada=mus&in=vivamus&imperdiet=vestibulum&et=sagittis&commodo=sapien&vulputate=cum&justo=sociis&in=natoque&blandit=penatibus&ultrices=et&enim=magnis&lorem=dis', '#8cf9fb', '2023-12-25 13:51:28', null);
insert into PRODUCT (id, post_id, user_id, title, price, sale_price, time, content, url, tag, created_date, updated_date) values (12, 29, 15, 'Ut tellus.', 16603, 22339, null, 'Donec ut dolor. Morbi vel lectus in quam fringilla rhoncus. Mauris enim leo, rhoncus sed, vestibulum sit amet, cursus id, turpis.', 'https://sphinn.com/tincidunt/lacus/at/velit/vivamus.jsp?posuere=ante&cubilia=ipsum&curae=primis', '#61e6be', '2023-12-16 10:14:11', null);
insert into PRODUCT (id, post_id, user_id, title, price, sale_price, time, content, url, tag, created_date, updated_date) values (13, 42, 9, 'Donec posuere metus vitae ipsum.', 48102, 55176, null, 'Morbi porttitor lorem id ligula. Suspendisse ornare consequat lectus. In est risus, auctor sed, tristique in, tempus sit amet, sem. Fusce consequat. Nulla nisl.', 'https://examiner.com/ultrices.png?eros=quis&viverra=turpis&eget=sed&congue=ante&eget=vivamus&semper=tortor&rutrum=duis&nulla=mattis&nunc=egestas&purus=metus&phasellus=aenean&in=fermentum&felis=donec&donec=ut&semper=mauris&sapien=eget&a=massa&libero=tempor&nam=convallis&dui=nulla&proin=neque&leo=libero&odio=convallis&porttitor=eget&id=eleifend&consequat=luctus&in=ultricies&consequat=eu&ut=nibh&nulla=quisque&sed=id&accumsan=justo&felis=sit&ut=amet&at=sapien&dolor=dignissim&quis=vestibulum&odio=vestibulum&consequat=ante&varius=ipsum', '#e44389', '2023-12-21 10:47:06', null);
insert into PRODUCT (id, post_id, user_id, title, price, sale_price, time, content, url, tag, created_date, updated_date) values (14, 17, 15, 'Praesent id massa id nisl venenatis lacinia.', 35805, 22230, null, 'Lorem ipsum dolor sit amet, consectetuer adipiscing elit. Proin interdum mauris non ligula pellentesque ultrices.', 'http://oakley.com/phasellus/id/sapien/in/sapien.js?vestibulum=orci&eget=luctus&vulputate=et&ut=ultrices&ultrices=posuere&vel=cubilia&augue=curae&vestibulum=donec&ante=pharetra&ipsum=magna&primis=vestibulum&in=aliquet&faucibus=ultrices&orci=erat&luctus=tortor&et=sollicitudin&ultrices=mi&posuere=sit&cubilia=amet&curae=lobortis&donec=sapien&pharetra=sapien&magna=non&vestibulum=mi&aliquet=integer&ultrices=ac&erat=neque&tortor=duis&sollicitudin=bibendum&mi=morbi&sit=non&amet=quam&lobortis=nec&sapien=dui&sapien=luctus&non=rutrum&mi=nulla&integer=tellus&ac=in&neque=sagittis&duis=dui&bibendum=vel&morbi=nisl&non=duis&quam=ac&nec=nibh&dui=fusce&luctus=lacus&rutrum=purus&nulla=aliquet&tellus=at&in=feugiat&sagittis=non&dui=pretium&vel=quis&nisl=lectus&duis=suspendisse&ac=potenti&nibh=in&fusce=eleifend&lacus=quam&purus=a&aliquet=odio&at=in&feugiat=hac&non=habitasse&pretium=platea&quis=dictumst&lectus=maecenas&suspendisse=ut&potenti=massa&in=quis&eleifend=augue&quam=luctus&a=tincidunt&odio=nulla&in=mollis&hac=molestie&habitasse=lorem&platea=quisque&dictumst=ut&maecenas=erat&ut=curabitur&massa=gravida&quis=nisi&augue=at&luctus=nibh&tincidunt=in&nulla=hac', '#3f7938', '2023-11-16 21:53:01', null);
insert into PRODUCT (id, post_id, user_id, title, price, sale_price, time, content, url, tag, created_date, updated_date) values (15, 3, 19, 'Ut at dolor quis odio consequat varius.', 53466, 41453, null, 'Praesent blandit lacinia erat. Vestibulum sed magna at nunc commodo placerat. Praesent blandit. Nam nulla.', 'http://trellian.com/quam/nec/dui/luctus/rutrum/nulla.js?erat=morbi&id=a&mauris=ipsum&vulputate=integer&elementum=a&nullam=nibh&varius=in&nulla=quis&facilisi=justo&cras=maecenas&non=rhoncus&velit=aliquam&nec=lacus&nisi=morbi&vulputate=quis&nonummy=tortor&maecenas=id&tincidunt=nulla&lacus=ultrices&at=aliquet&velit=maecenas&vivamus=leo&vel=odio&nulla=condimentum&eget=id&eros=luctus&elementum=nec&pellentesque=molestie&quisque=sed&porta=justo&volutpat=pellentesque&erat=viverra&quisque=pede&erat=ac&eros=diam&viverra=cras&eget=pellentesque&congue=volutpat&eget=dui&semper=maecenas&rutrum=tristique&nulla=est&nunc=et&purus=tempus&phasellus=semper&in=est&felis=quam&donec=pharetra&semper=magna&sapien=ac&a=consequat&libero=metus&nam=sapien&dui=ut&proin=nunc&leo=vestibulum&odio=ante&porttitor=ipsum&id=primis&consequat=in&in=faucibus&consequat=orci&ut=luctus&nulla=et', '#168260', '2023-09-25 16:57:49', null);
insert into PRODUCT (id, post_id, user_id, title, price, sale_price, time, content, url, tag, created_date, updated_date) values (16, 19, 17, 'Duis consequat dui nec nisi volutpat eleifend.', 53209, 48236, null, 'Nulla ut erat id mauris vulputate elementum. Nullam varius.', 'https://aol.com/turpis/adipiscing/lorem/vitae.aspx?dictumst=nec&maecenas=molestie&ut=sed&massa=justo&quis=pellentesque&augue=viverra&luctus=pede&tincidunt=ac&nulla=diam&mollis=cras&molestie=pellentesque&lorem=volutpat&quisque=dui&ut=maecenas&erat=tristique&curabitur=est&gravida=et&nisi=tempus&at=semper&nibh=est&in=quam&hac=pharetra&habitasse=magna&platea=ac&dictumst=consequat&aliquam=metus&augue=sapien&quam=ut&sollicitudin=nunc&vitae=vestibulum&consectetuer=ante&eget=ipsum&rutrum=primis&at=in&lorem=faucibus&integer=orci&tincidunt=luctus&ante=et&vel=ultrices&ipsum=posuere&praesent=cubilia&blandit=curae&lacinia=mauris&erat=viverra&vestibulum=diam&sed=vitae&magna=quam&at=suspendisse&nunc=potenti&commodo=nullam&placerat=porttitor&praesent=lacus&blandit=at&nam=turpis&nulla=donec&integer=posuere&pede=metus&justo=vitae&lacinia=ipsum&eget=aliquam&tincidunt=non&eget=mauris', '#edb708', '2023-08-30 23:38:15', null);
insert into PRODUCT (id, post_id, user_id, title, price, sale_price, time, content, url, tag, created_date, updated_date) values (17, 45, 5, 'Morbi non quam nec dui luctus rutrum.', 53666, 11854, null, 'Donec dapibus. Duis at velit eu est congue elementum. In hac habitasse platea dictumst. Morbi vestibulum, velit id pretium iaculis, diam erat fermentum justo, nec condimentum neque sapien placerat ante.', 'http://mlb.com/dis.xml?blandit=vestibulum&lacinia=aliquet&erat=ultrices&vestibulum=erat&sed=tortor&magna=sollicitudin&at=mi&nunc=sit&commodo=amet&placerat=lobortis&praesent=sapien&blandit=sapien&nam=non&nulla=mi&integer=integer&pede=ac&justo=neque&lacinia=duis&eget=bibendum&tincidunt=morbi&eget=non&tempus=quam&vel=nec&pede=dui&morbi=luctus&porttitor=rutrum&lorem=nulla&id=tellus&ligula=in&suspendisse=sagittis&ornare=dui&consequat=vel&lectus=nisl&in=duis&est=ac&risus=nibh&auctor=fusce', '#4f7095', '2023-12-27 10:44:23', null);
insert into PRODUCT (id, post_id, user_id, title, price, sale_price, time, content, url, tag, created_date, updated_date) values (18, 47, 14, 'Cras non velit nec nisi vulputate nonummy.', 54768, 16704, null, 'Donec vitae nisi. Nam ultrices, libero non mattis pulvinar, nulla pede ullamcorper augue, a suscipit nulla elit ac nulla. Sed vel enim sit amet nunc viverra dapibus. Nulla suscipit ligula in lacus. Curabitur at ipsum ac tellus semper interdum.', 'https://thetimes.co.uk/blandit.xml?aliquam=posuere&augue=cubilia&quam=curae&sollicitudin=mauris&vitae=viverra&consectetuer=diam&eget=vitae&rutrum=quam&at=suspendisse', '#4c1d98', '2023-12-17 15:09:12', null);
insert into PRODUCT (id, post_id, user_id, title, price, sale_price, time, content, url, tag, created_date, updated_date) values (19, 27, 9, 'Nam ultrices, libero non mattis pulvinar, nulla pede ullamcorper augue, a suscipit nulla elit ac nulla.', 26160, 43626, null, 'Lorem ipsum dolor sit amet, consectetuer adipiscing elit. Proin interdum mauris non ligula pellentesque ultrices. Phasellus id sapien in sapien iaculis congue.', 'https://google.de/vestibulum/sagittis/sapien.js?morbi=nulla&vel=tempus&lectus=vivamus&in=in&quam=felis&fringilla=eu&rhoncus=sapien&mauris=cursus&enim=vestibulum&leo=proin&rhoncus=eu&sed=mi&vestibulum=nulla&sit=ac&amet=enim&cursus=in&id=tempor&turpis=turpis&integer=nec&aliquet=euismod&massa=scelerisque&id=quam&lobortis=turpis&convallis=adipiscing&tortor=lorem&risus=vitae&dapibus=mattis&augue=nibh&vel=ligula&accumsan=nec&tellus=sem&nisi=duis&eu=aliquam&orci=convallis&mauris=nunc&lacinia=proin&sapien=at&quis=turpis&libero=a&nullam=pede&sit=posuere&amet=nonummy&turpis=integer&elementum=non&ligula=velit&vehicula=donec&consequat=diam&morbi=neque&a=vestibulum&ipsum=eget&integer=vulputate&a=ut&nibh=ultrices&in=vel&quis=augue&justo=vestibulum&maecenas=ante&rhoncus=ipsum&aliquam=primis', '#e3f63d', '2023-08-25 23:15:13', null);
insert into PRODUCT (id, post_id, user_id, title, price, sale_price, time, content, url, tag, created_date, updated_date) values (20, 42, 15, 'Nulla neque libero, convallis eget, eleifend luctus, ultricies eu, nibh.', 34550, 44918, null, 'Phasellus sit amet erat. Nulla tempus. Vivamus in felis eu sapien cursus vestibulum. Proin eu mi. Nulla ac enim.', 'https://tripadvisor.com/libero/non/mattis/pulvinar/nulla/pede/ullamcorper.aspx?id=aliquet&pretium=ultrices&iaculis=erat&diam=tortor&erat=sollicitudin&fermentum=mi&justo=sit&nec=amet&condimentum=lobortis&neque=sapien&sapien=sapien&placerat=non&ante=mi&nulla=integer&justo=ac&aliquam=neque&quis=duis&turpis=bibendum&eget=morbi&elit=non&sodales=quam&scelerisque=nec&mauris=dui&sit=luctus&amet=rutrum&eros=nulla&suspendisse=tellus&accumsan=in&tortor=sagittis&quis=dui&turpis=vel&sed=nisl&ante=duis&vivamus=ac&tortor=nibh&duis=fusce', '#c62e7b', '2023-10-28 01:05:28', null);
insert into PRODUCT (id, post_id, user_id, title, price, sale_price, time, content, url, tag, created_date, updated_date) values (21, 33, 14, 'Donec posuere metus vitae ipsum.', 16106, 47026, null, 'Morbi quis tortor id nulla ultrices aliquet. Maecenas leo odio, condimentum id, luctus nec, molestie sed, justo. Pellentesque viverra pede ac diam. Cras pellentesque volutpat dui. Maecenas tristique, est et tempus semper, est quam pharetra magna, ac consequat metus sapien ut nunc.', 'https://mediafire.com/odio/porttitor/id/consequat.html?lorem=condimentum&integer=neque&tincidunt=sapien&ante=placerat&vel=ante', '#f468cd', '2023-11-28 07:11:52', null);
insert into PRODUCT (id, post_id, user_id, title, price, sale_price, time, content, url, tag, created_date, updated_date) values (22, 41, 5, 'Etiam pretium iaculis justo.', 58547, 41139, null, 'Sed sagittis.', 'http://bravesites.com/eros/vestibulum/ac.json?ipsum=orci&integer=mauris&a=lacinia&nibh=sapien&in=quis', '#dab9e7', '2023-11-07 04:27:35', null);
insert into PRODUCT (id, post_id, user_id, title, price, sale_price, time, content, url, tag, created_date, updated_date) values (23, 42, 17, 'Morbi a ipsum.', 58673, 11387, null, 'Quisque porta volutpat erat. Quisque erat eros, viverra eget, congue eget, semper rutrum, nulla. Nunc purus. Phasellus in felis. Donec semper sapien a libero.', 'https://sciencedirect.com/nulla/tellus/in/sagittis/dui.jsp?sapien=donec&quis=diam&libero=neque&nullam=vestibulum&sit=eget&amet=vulputate&turpis=ut&elementum=ultrices&ligula=vel&vehicula=augue&consequat=vestibulum&morbi=ante&a=ipsum&ipsum=primis&integer=in&a=faucibus&nibh=orci&in=luctus&quis=et&justo=ultrices&maecenas=posuere&rhoncus=cubilia&aliquam=curae&lacus=donec&morbi=pharetra&quis=magna&tortor=vestibulum&id=aliquet&nulla=ultrices&ultrices=erat&aliquet=tortor&maecenas=sollicitudin&leo=mi&odio=sit&condimentum=amet&id=lobortis&luctus=sapien&nec=sapien&molestie=non&sed=mi&justo=integer&pellentesque=ac&viverra=neque&pede=duis', '#162877', '2023-12-05 00:11:59', null);
insert into PRODUCT (id, post_id, user_id, title, price, sale_price, time, content, url, tag, created_date, updated_date) values (24, 16, 12, 'Morbi non quam nec dui luctus rutrum.', 40023, 48885, null, 'Cum sociis natoque penatibus et magnis dis parturient montes, nascetur ridiculus mus. Etiam vel augue. Vestibulum rutrum rutrum neque.', 'http://pagesperso-orange.fr/aliquet/maecenas/leo/odio.json?lacus=vivamus&at=vestibulum&turpis=sagittis&donec=sapien&posuere=cum&metus=sociis&vitae=natoque&ipsum=penatibus&aliquam=et&non=magnis&mauris=dis', '#b00324', '2023-09-09 04:58:59', null);
insert into PRODUCT (id, post_id, user_id, title, price, sale_price, time, content, url, tag, created_date, updated_date) values (25, 1, 14, 'Etiam justo.', 26804, 32077, null, 'Integer pede justo, lacinia eget, tincidunt eget, tempus vel, pede. Morbi porttitor lorem id ligula. Suspendisse ornare consequat lectus. In est risus, auctor sed, tristique in, tempus sit amet, sem. Fusce consequat.', 'http://imdb.com/vestibulum/ante/ipsum.png?ac=aliquam&nibh=convallis&fusce=nunc&lacus=proin&purus=at&aliquet=turpis&at=a&feugiat=pede&non=posuere&pretium=nonummy&quis=integer&lectus=non&suspendisse=velit&potenti=donec&in=diam&eleifend=neque&quam=vestibulum&a=eget&odio=vulputate&in=ut&hac=ultrices&habitasse=vel&platea=augue&dictumst=vestibulum&maecenas=ante&ut=ipsum&massa=primis&quis=in&augue=faucibus&luctus=orci&tincidunt=luctus&nulla=et&mollis=ultrices&molestie=posuere&lorem=cubilia&quisque=curae&ut=donec&erat=pharetra&curabitur=magna&gravida=vestibulum&nisi=aliquet&at=ultrices&nibh=erat&in=tortor&hac=sollicitudin&habitasse=mi&platea=sit&dictumst=amet&aliquam=lobortis&augue=sapien&quam=sapien&sollicitudin=non&vitae=mi&consectetuer=integer&eget=ac&rutrum=neque&at=duis&lorem=bibendum&integer=morbi&tincidunt=non&ante=quam&vel=nec&ipsum=dui&praesent=luctus&blandit=rutrum&lacinia=nulla&erat=tellus&vestibulum=in&sed=sagittis&magna=dui&at=vel&nunc=nisl&commodo=duis&placerat=ac', '#b0acd6', '2023-10-14 23:01:49', null);
insert into PRODUCT (id, post_id, user_id, title, price, sale_price, time, content, url, tag, created_date, updated_date) values (26, 37, 15, 'Vivamus tortor.', 34433, 23650, null, 'Proin at turpis a pede posuere nonummy. Integer non velit.', 'https://wikipedia.org/massa/tempor.aspx?augue=eu&luctus=tincidunt&tincidunt=in&nulla=leo&mollis=maecenas&molestie=pulvinar&lorem=lobortis&quisque=est&ut=phasellus&erat=sit&curabitur=amet&gravida=erat&nisi=nulla&at=tempus&nibh=vivamus&in=in&hac=felis&habitasse=eu&platea=sapien&dictumst=cursus&aliquam=vestibulum&augue=proin&quam=eu&sollicitudin=mi&vitae=nulla&consectetuer=ac&eget=enim&rutrum=in&at=tempor&lorem=turpis&integer=nec&tincidunt=euismod&ante=scelerisque&vel=quam&ipsum=turpis&praesent=adipiscing&blandit=lorem&lacinia=vitae&erat=mattis&vestibulum=nibh&sed=ligula&magna=nec&at=sem&nunc=duis&commodo=aliquam&placerat=convallis&praesent=nunc&blandit=proin&nam=at&nulla=turpis&integer=a&pede=pede&justo=posuere&lacinia=nonummy&eget=integer&tincidunt=non&eget=velit&tempus=donec&vel=diam&pede=neque&morbi=vestibulum&porttitor=eget&lorem=vulputate&id=ut&ligula=ultrices&suspendisse=vel&ornare=augue&consequat=vestibulum&lectus=ante&in=ipsum&est=primis&risus=in&auctor=faucibus&sed=orci&tristique=luctus&in=et&tempus=ultrices&sit=posuere&amet=cubilia&sem=curae&fusce=donec&consequat=pharetra&nulla=magna', '#37efaa', '2023-10-29 07:01:37', null);
insert into PRODUCT (id, post_id, user_id, title, price, sale_price, time, content, url, tag, created_date, updated_date) values (27, 36, 2, 'Maecenas leo odio, condimentum id, luctus nec, molestie sed, justo.', 50061, 48806, null, 'Nunc nisl. Duis bibendum, felis sed interdum venenatis, turpis enim blandit mi, in porttitor pede justo eu massa. Donec dapibus.', 'https://over-blog.com/cras/in/purus.aspx?sem=et&praesent=ultrices&id=posuere&massa=cubilia&id=curae&nisl=donec&venenatis=pharetra&lacinia=magna&aenean=vestibulum&sit=aliquet&amet=ultrices&justo=erat&morbi=tortor&ut=sollicitudin&odio=mi&cras=sit&mi=amet&pede=lobortis&malesuada=sapien&in=sapien&imperdiet=non&et=mi&commodo=integer&vulputate=ac&justo=neque&in=duis&blandit=bibendum&ultrices=morbi&enim=non&lorem=quam&ipsum=nec&dolor=dui&sit=luctus&amet=rutrum&consectetuer=nulla&adipiscing=tellus&elit=in&proin=sagittis&interdum=dui', '#d4185d', '2023-09-29 11:09:51', null);
insert into PRODUCT (id, post_id, user_id, title, price, sale_price, time, content, url, tag, created_date, updated_date) values (28, 14, 17, 'In sagittis dui vel nisl.', 48264, 42155, null, 'Proin interdum mauris non ligula pellentesque ultrices. Phasellus id sapien in sapien iaculis congue. Vivamus metus arcu, adipiscing molestie, hendrerit at, vulputate vitae, nisl. Aenean lectus.', 'https://behance.net/elementum/ligula/vehicula/consequat/morbi.html?quis=nisl&turpis=ut&eget=volutpat&elit=sapien&sodales=arcu&scelerisque=sed&mauris=augue&sit=aliquam&amet=erat&eros=volutpat&suspendisse=in&accumsan=congue&tortor=etiam&quis=justo&turpis=etiam&sed=pretium&ante=iaculis&vivamus=justo&tortor=in&duis=hac&mattis=habitasse&egestas=platea&metus=dictumst&aenean=etiam&fermentum=faucibus&donec=cursus&ut=urna&mauris=ut&eget=tellus&massa=nulla&tempor=ut&convallis=erat&nulla=id&neque=mauris&libero=vulputate&convallis=elementum&eget=nullam&eleifend=varius&luctus=nulla&ultricies=facilisi&eu=cras&nibh=non&quisque=velit', '#aded0b', '2023-12-03 02:07:21', null);
insert into PRODUCT (id, post_id, user_id, title, price, sale_price, time, content, url, tag, created_date, updated_date) values (29, 15, 14, 'Etiam faucibus cursus urna.', 57963, 19687, null, 'Fusce lacus purus, aliquet at, feugiat non, pretium quis, lectus.', 'https://acquirethisname.com/pede/malesuada/in/imperdiet.xml?morbi=justo&vel=lacinia&lectus=eget&in=tincidunt&quam=eget', '#2b57cd', '2023-09-16 07:42:30', null);
insert into PRODUCT (id, post_id, user_id, title, price, sale_price, time, content, url, tag, created_date, updated_date) values (30, 39, 7, 'Fusce posuere felis sed lacus.', 32471, 37304, null, 'Maecenas tristique, est et tempus semper, est quam pharetra magna, ac consequat metus sapien ut nunc.', 'http://wiley.com/orci/vehicula/condimentum/curabitur/in.html?odio=consequat&porttitor=metus&id=sapien&consequat=ut&in=nunc&consequat=vestibulum&ut=ante&nulla=ipsum&sed=primis&accumsan=in&felis=faucibus&ut=orci&at=luctus&dolor=et&quis=ultrices&odio=posuere&consequat=cubilia&varius=curae&integer=mauris&ac=viverra&leo=diam&pellentesque=vitae', '#a211f6', '2023-11-06 21:18:11', null);
insert into PRODUCT (id, post_id, user_id, title, price, sale_price, time, content, url, tag, created_date, updated_date) values (31, 10, 11, 'In hac habitasse platea dictumst.', 26154, 53060, null, 'Nam nulla. Integer pede justo, lacinia eget, tincidunt eget, tempus vel, pede. Morbi porttitor lorem id ligula. Suspendisse ornare consequat lectus.', 'http://yandex.ru/mauris/viverra/diam.json?at=vestibulum&feugiat=velit&non=id&pretium=pretium&quis=iaculis&lectus=diam&suspendisse=erat&potenti=fermentum&in=justo&eleifend=nec&quam=condimentum&a=neque&odio=sapien&in=placerat&hac=ante&habitasse=nulla&platea=justo&dictumst=aliquam&maecenas=quis&ut=turpis&massa=eget&quis=elit&augue=sodales&luctus=scelerisque&tincidunt=mauris&nulla=sit&mollis=amet&molestie=eros&lorem=suspendisse&quisque=accumsan&ut=tortor&erat=quis&curabitur=turpis&gravida=sed&nisi=ante&at=vivamus&nibh=tortor&in=duis&hac=mattis&habitasse=egestas&platea=metus&dictumst=aenean&aliquam=fermentum&augue=donec&quam=ut&sollicitudin=mauris&vitae=eget&consectetuer=massa&eget=tempor&rutrum=convallis&at=nulla&lorem=neque&integer=libero', '#e2a50a', '2023-10-26 07:29:54', null);
insert into PRODUCT (id, post_id, user_id, title, price, sale_price, time, content, url, tag, created_date, updated_date) values (32, 17, 19, 'Curabitur at ipsum ac tellus semper interdum.', 15616, 39906, null, 'Nulla nisl. Nunc nisl. Duis bibendum, felis sed interdum venenatis, turpis enim blandit mi, in porttitor pede justo eu massa. Donec dapibus.', 'http://statcounter.com/pede/lobortis/ligula.png?nonummy=sit&integer=amet&non=justo&velit=morbi&donec=ut&diam=odio&neque=cras&vestibulum=mi&eget=pede&vulputate=malesuada&ut=in&ultrices=imperdiet', '#8a97ae', '2023-10-30 12:21:06', null);
insert into PRODUCT (id, post_id, user_id, title, price, sale_price, time, content, url, tag, created_date, updated_date) values (33, 45, 2, 'Donec semper sapien a libero.', 50210, 41974, null, 'Maecenas tristique, est et tempus semper, est quam pharetra magna, ac consequat metus sapien ut nunc. Vestibulum ante ipsum primis in faucibus orci luctus et ultrices posuere cubilia Curae; Mauris viverra diam vitae quam. Suspendisse potenti. Nullam porttitor lacus at turpis.', 'http://army.mil/morbi/vestibulum/velit/id.html?sit=ligula&amet=nec&justo=sem&morbi=duis&ut=aliquam&odio=convallis&cras=nunc&mi=proin&pede=at&malesuada=turpis&in=a&imperdiet=pede&et=posuere&commodo=nonummy&vulputate=integer&justo=non&in=velit&blandit=donec&ultrices=diam&enim=neque&lorem=vestibulum&ipsum=eget&dolor=vulputate&sit=ut&amet=ultrices&consectetuer=vel&adipiscing=augue&elit=vestibulum&proin=ante&interdum=ipsum&mauris=primis&non=in&ligula=faucibus&pellentesque=orci&ultrices=luctus&phasellus=et&id=ultrices&sapien=posuere&in=cubilia&sapien=curae', '#f7fc26', '2023-11-04 18:46:44', null);
insert into PRODUCT (id, post_id, user_id, title, price, sale_price, time, content, url, tag, created_date, updated_date) values (34, 4, 18, 'Aliquam erat volutpat.', 30054, 11993, null, 'In hac habitasse platea dictumst. Etiam faucibus cursus urna. Ut tellus. Nulla ut erat id mauris vulputate elementum. Nullam varius.', 'https://vk.com/venenatis/turpis/enim/blandit/mi.jpg?et=ultrices&ultrices=posuere&posuere=cubilia&cubilia=curae&curae=duis&donec=faucibus&pharetra=accumsan&magna=odio&vestibulum=curabitur&aliquet=convallis&ultrices=duis&erat=consequat&tortor=dui&sollicitudin=nec&mi=nisi&sit=volutpat&amet=eleifend&lobortis=donec&sapien=ut&sapien=dolor&non=morbi&mi=vel&integer=lectus&ac=in&neque=quam&duis=fringilla&bibendum=rhoncus&morbi=mauris&non=enim&quam=leo&nec=rhoncus&dui=sed&luctus=vestibulum&rutrum=sit&nulla=amet&tellus=cursus&in=id&sagittis=turpis&dui=integer&vel=aliquet&nisl=massa&duis=id&ac=lobortis&nibh=convallis&fusce=tortor&lacus=risus&purus=dapibus&aliquet=augue&at=vel&feugiat=accumsan&non=tellus&pretium=nisi&quis=eu&lectus=orci&suspendisse=mauris&potenti=lacinia&in=sapien&eleifend=quis&quam=libero&a=nullam&odio=sit&in=amet&hac=turpis&habitasse=elementum', '#43c655', '2024-01-11 16:59:16', null);
insert into PRODUCT (id, post_id, user_id, title, price, sale_price, time, content, url, tag, created_date, updated_date) values (35, 31, 7, 'Nulla tempus.', 25745, 24961, null, 'In quis justo. Maecenas rhoncus aliquam lacus. Morbi quis tortor id nulla ultrices aliquet.', 'http://fotki.com/massa/volutpat/convallis.json?nec=quis&dui=augue&luctus=luctus&rutrum=tincidunt&nulla=nulla&tellus=mollis&in=molestie&sagittis=lorem&dui=quisque&vel=ut&nisl=erat&duis=curabitur&ac=gravida&nibh=nisi&fusce=at&lacus=nibh&purus=in&aliquet=hac&at=habitasse&feugiat=platea&non=dictumst&pretium=aliquam&quis=augue&lectus=quam&suspendisse=sollicitudin&potenti=vitae&in=consectetuer&eleifend=eget&quam=rutrum&a=at&odio=lorem&in=integer&hac=tincidunt&habitasse=ante&platea=vel&dictumst=ipsum&maecenas=praesent&ut=blandit&massa=lacinia&quis=erat&augue=vestibulum&luctus=sed&tincidunt=magna&nulla=at&mollis=nunc&molestie=commodo&lorem=placerat&quisque=praesent&ut=blandit&erat=nam&curabitur=nulla&gravida=integer&nisi=pede&at=justo&nibh=lacinia&in=eget&hac=tincidunt&habitasse=eget&platea=tempus&dictumst=vel&aliquam=pede&augue=morbi&quam=porttitor&sollicitudin=lorem&vitae=id&consectetuer=ligula&eget=suspendisse&rutrum=ornare&at=consequat&lorem=lectus&integer=in&tincidunt=est&ante=risus&vel=auctor&ipsum=sed&praesent=tristique&blandit=in&lacinia=tempus&erat=sit&vestibulum=amet&sed=sem&magna=fusce&at=consequat&nunc=nulla&commodo=nisl', '#d0798b', '2023-09-23 16:55:17', null);
insert into PRODUCT (id, post_id, user_id, title, price, sale_price, time, content, url, tag, created_date, updated_date) values (36, 30, 8, 'Lorem ipsum dolor sit amet, consectetuer adipiscing elit.', 46440, 14083, null, 'Suspendisse accumsan tortor quis turpis. Sed ante. Vivamus tortor. Duis mattis egestas metus. Aenean fermentum.', 'http://biblegateway.com/eu.xml?vestibulum=habitasse&ante=platea&ipsum=dictumst&primis=etiam&in=faucibus', '#f7ec35', '2023-09-11 02:15:24', null);
insert into PRODUCT (id, post_id, user_id, title, price, sale_price, time, content, url, tag, created_date, updated_date) values (37, 11, 12, 'Integer pede justo, lacinia eget, tincidunt eget, tempus vel, pede.', 16383, 22051, null, 'In quis justo.', 'http://forbes.com/hendrerit/at/vulputate/vitae/nisl/aenean.png?elit=quis&sodales=justo&scelerisque=maecenas&mauris=rhoncus&sit=aliquam&amet=lacus&eros=morbi&suspendisse=quis&accumsan=tortor&tortor=id&quis=nulla&turpis=ultrices&sed=aliquet&ante=maecenas&vivamus=leo&tortor=odio&duis=condimentum&mattis=id&egestas=luctus&metus=nec&aenean=molestie&fermentum=sed&donec=justo&ut=pellentesque&mauris=viverra&eget=pede&massa=ac&tempor=diam&convallis=cras&nulla=pellentesque&neque=volutpat&libero=dui&convallis=maecenas&eget=tristique&eleifend=est&luctus=et&ultricies=tempus&eu=semper&nibh=est&quisque=quam&id=pharetra&justo=magna&sit=ac&amet=consequat&sapien=metus&dignissim=sapien&vestibulum=ut&vestibulum=nunc&ante=vestibulum&ipsum=ante&primis=ipsum&in=primis&faucibus=in&orci=faucibus&luctus=orci&et=luctus&ultrices=et&posuere=ultrices&cubilia=posuere&curae=cubilia&nulla=curae&dapibus=mauris&dolor=viverra&vel=diam&est=vitae&donec=quam&odio=suspendisse&justo=potenti&sollicitudin=nullam&ut=porttitor&suscipit=lacus&a=at&feugiat=turpis&et=donec&eros=posuere&vestibulum=metus&ac=vitae&est=ipsum&lacinia=aliquam&nisi=non&venenatis=mauris&tristique=morbi&fusce=non', '#1d0e19', '2023-11-18 22:59:34', null);
insert into PRODUCT (id, post_id, user_id, title, price, sale_price, time, content, url, tag, created_date, updated_date) values (38, 30, 16, 'Donec ut dolor.', 35854, 48472, null, 'Cras mi pede, malesuada in, imperdiet et, commodo vulputate, justo. In blandit ultrices enim. Lorem ipsum dolor sit amet, consectetuer adipiscing elit. Proin interdum mauris non ligula pellentesque ultrices.', 'https://omniture.com/ut/ultrices/vel/augue/vestibulum/ante/ipsum.jsp?consequat=vestibulum&ut=ante&nulla=ipsum&sed=primis&accumsan=in&felis=faucibus&ut=orci&at=luctus&dolor=et&quis=ultrices&odio=posuere&consequat=cubilia&varius=curae&integer=donec&ac=pharetra&leo=magna&pellentesque=vestibulum&ultrices=aliquet&mattis=ultrices&odio=erat&donec=tortor&vitae=sollicitudin&nisi=mi&nam=sit&ultrices=amet&libero=lobortis&non=sapien&mattis=sapien&pulvinar=non&nulla=mi&pede=integer&ullamcorper=ac&augue=neque&a=duis&suscipit=bibendum&nulla=morbi&elit=non&ac=quam&nulla=nec&sed=dui&vel=luctus&enim=rutrum&sit=nulla&amet=tellus&nunc=in&viverra=sagittis&dapibus=dui&nulla=vel&suscipit=nisl&ligula=duis&in=ac&lacus=nibh&curabitur=fusce&at=lacus&ipsum=purus&ac=aliquet&tellus=at&semper=feugiat&interdum=non&mauris=pretium&ullamcorper=quis&purus=lectus&sit=suspendisse&amet=potenti&nulla=in&quisque=eleifend&arcu=quam', '#66e5dd', '2023-10-18 13:23:53', null);
insert into PRODUCT (id, post_id, user_id, title, price, sale_price, time, content, url, tag, created_date, updated_date) values (39, 22, 16, 'Vestibulum ante ipsum primis in faucibus orci luctus et ultrices posuere cubilia Curae; Duis faucibus accumsan odio.', 45803, 54577, null, 'Nullam sit amet turpis elementum ligula vehicula consequat.', 'https://prnewswire.com/quisque/erat/eros/viverra/eget/congue.html?et=ligula&tempus=sit&semper=amet&est=eleifend&quam=pede&pharetra=libero&magna=quis&ac=orci&consequat=nullam&metus=molestie&sapien=nibh&ut=in&nunc=lectus&vestibulum=pellentesque&ante=at&ipsum=nulla&primis=suspendisse&in=potenti&faucibus=cras&orci=in&luctus=purus&et=eu&ultrices=magna&posuere=vulputate&cubilia=luctus&curae=cum&mauris=sociis&viverra=natoque&diam=penatibus&vitae=et&quam=magnis&suspendisse=dis&potenti=parturient&nullam=montes&porttitor=nascetur&lacus=ridiculus&at=mus&turpis=vivamus&donec=vestibulum&posuere=sagittis&metus=sapien&vitae=cum&ipsum=sociis&aliquam=natoque&non=penatibus&mauris=et&morbi=magnis&non=dis&lectus=parturient&aliquam=montes&sit=nascetur&amet=ridiculus&diam=mus&in=etiam&magna=vel&bibendum=augue&imperdiet=vestibulum&nullam=rutrum&orci=rutrum&pede=neque&venenatis=aenean&non=auctor&sodales=gravida&sed=sem&tincidunt=praesent&eu=id&felis=massa&fusce=id&posuere=nisl&felis=venenatis&sed=lacinia&lacus=aenean&morbi=sit', '#49e1df', '2023-09-18 13:22:22', null);
insert into PRODUCT (id, post_id, user_id, title, price, sale_price, time, content, url, tag, created_date, updated_date) values (40, 38, 13, 'Aenean sit amet justo.', 57261, 53732, null, 'Maecenas leo odio, condimentum id, luctus nec, molestie sed, justo. Pellentesque viverra pede ac diam. Cras pellentesque volutpat dui.', 'http://altervista.org/nunc/purus/phasellus/in/felis.xml?pede=maecenas&ac=pulvinar&diam=lobortis&cras=est&pellentesque=phasellus&volutpat=sit&dui=amet&maecenas=erat&tristique=nulla&est=tempus&et=vivamus&tempus=in&semper=felis&est=eu&quam=sapien&pharetra=cursus&magna=vestibulum&ac=proin&consequat=eu&metus=mi&sapien=nulla&ut=ac&nunc=enim&vestibulum=in&ante=tempor&ipsum=turpis&primis=nec&in=euismod&faucibus=scelerisque&orci=quam&luctus=turpis&et=adipiscing&ultrices=lorem&posuere=vitae&cubilia=mattis&curae=nibh&mauris=ligula&viverra=nec&diam=sem&vitae=duis&quam=aliquam&suspendisse=convallis&potenti=nunc&nullam=proin&porttitor=at&lacus=turpis&at=a&turpis=pede&donec=posuere&posuere=nonummy&metus=integer&vitae=non&ipsum=velit&aliquam=donec&non=diam&mauris=neque&morbi=vestibulum&non=eget&lectus=vulputate&aliquam=ut&sit=ultrices&amet=vel&diam=augue', '#c669da', '2023-11-05 23:01:12', null);
insert into PRODUCT (id, post_id, user_id, title, price, sale_price, time, content, url, tag, created_date, updated_date) values (41, 11, 4, 'Quisque erat eros, viverra eget, congue eget, semper rutrum, nulla.', 11793, 5181, null, 'Nunc nisl.', 'https://walmart.com/nullam/molestie/nibh/in/lectus/pellentesque/at.aspx?pulvinar=ridiculus&nulla=mus&pede=etiam&ullamcorper=vel', '#3d1c9e', '2023-10-15 20:50:57', null);
insert into PRODUCT (id, post_id, user_id, title, price, sale_price, time, content, url, tag, created_date, updated_date) values (42, 30, 2, 'Quisque arcu libero, rutrum ac, lobortis vel, dapibus at, diam.', 58917, 13352, null, 'Integer ac leo. Pellentesque ultrices mattis odio. Donec vitae nisi. Nam ultrices, libero non mattis pulvinar, nulla pede ullamcorper augue, a suscipit nulla elit ac nulla.', 'http://booking.com/felis.aspx?orci=convallis&luctus=nulla&et=neque&ultrices=libero&posuere=convallis&cubilia=eget&curae=eleifend&nulla=luctus&dapibus=ultricies&dolor=eu&vel=nibh&est=quisque&donec=id&odio=justo&justo=sit&sollicitudin=amet&ut=sapien&suscipit=dignissim&a=vestibulum&feugiat=vestibulum&et=ante&eros=ipsum&vestibulum=primis&ac=in&est=faucibus&lacinia=orci&nisi=luctus&venenatis=et&tristique=ultrices&fusce=posuere&congue=cubilia&diam=curae&id=nulla&ornare=dapibus&imperdiet=dolor&sapien=vel&urna=est&pretium=donec&nisl=odio&ut=justo&volutpat=sollicitudin&sapien=ut&arcu=suscipit&sed=a&augue=feugiat&aliquam=et&erat=eros&volutpat=vestibulum&in=ac&congue=est&etiam=lacinia&justo=nisi&etiam=venenatis', '#8f21d1', '2023-10-20 12:32:11', null);
insert into PRODUCT (id, post_id, user_id, title, price, sale_price, time, content, url, tag, created_date, updated_date) values (43, 13, 8, 'Maecenas ut massa quis augue luctus tincidunt.', 21635, 24432, null, 'Suspendisse ornare consequat lectus. In est risus, auctor sed, tristique in, tempus sit amet, sem. Fusce consequat. Nulla nisl.', 'https://theguardian.com/vulputate.png?in=morbi&porttitor=sem&pede=mauris&justo=laoreet&eu=ut&massa=rhoncus&donec=aliquet&dapibus=pulvinar&duis=sed&at=nisl&velit=nunc&eu=rhoncus&est=dui&congue=vel&elementum=sem&in=sed&hac=sagittis&habitasse=nam&platea=congue&dictumst=risus&morbi=semper&vestibulum=porta&velit=volutpat&id=quam&pretium=pede&iaculis=lobortis&diam=ligula&erat=sit&fermentum=amet&justo=eleifend&nec=pede&condimentum=libero&neque=quis&sapien=orci&placerat=nullam&ante=molestie&nulla=nibh', '#0b8a46', '2023-12-24 11:44:58', null);
insert into PRODUCT (id, post_id, user_id, title, price, sale_price, time, content, url, tag, created_date, updated_date) values (44, 36, 4, 'Mauris sit amet eros.', 11119, 42738, null, 'In hac habitasse platea dictumst. Maecenas ut massa quis augue luctus tincidunt. Nulla mollis molestie lorem. Quisque ut erat. Curabitur gravida nisi at nibh.', 'https://mapquest.com/eget/tempus/vel.xml?sed=aenean&vel=fermentum&enim=donec&sit=ut&amet=mauris&nunc=eget&viverra=massa&dapibus=tempor&nulla=convallis&suscipit=nulla&ligula=neque&in=libero&lacus=convallis&curabitur=eget&at=eleifend&ipsum=luctus&ac=ultricies&tellus=eu&semper=nibh&interdum=quisque&mauris=id&ullamcorper=justo&purus=sit&sit=amet&amet=sapien&nulla=dignissim&quisque=vestibulum&arcu=vestibulum&libero=ante&rutrum=ipsum&ac=primis&lobortis=in&vel=faucibus&dapibus=orci&at=luctus&diam=et&nam=ultrices', '#344725', '2023-10-31 09:04:19', null);
insert into PRODUCT (id, post_id, user_id, title, price, sale_price, time, content, url, tag, created_date, updated_date) values (45, 40, 14, 'Pellentesque viverra pede ac diam.', 51462, 54486, null, 'Suspendisse potenti. Cras in purus eu magna vulputate luctus. Cum sociis natoque penatibus et magnis dis parturient montes, nascetur ridiculus mus. Vivamus vestibulum sagittis sapien.', 'https://newyorker.com/ipsum/dolor/sit/amet/consectetuer/adipiscing.xml?odio=nulla&elementum=neque&eu=libero&interdum=convallis&eu=eget&tincidunt=eleifend&in=luctus&leo=ultricies&maecenas=eu&pulvinar=nibh&lobortis=quisque&est=id&phasellus=justo&sit=sit&amet=amet&erat=sapien&nulla=dignissim&tempus=vestibulum&vivamus=vestibulum&in=ante&felis=ipsum', '#3674a9', '2023-08-20 15:30:07', null);
insert into PRODUCT (id, post_id, user_id, title, price, sale_price, time, content, url, tag, created_date, updated_date) values (46, 30, 14, 'Aliquam erat volutpat.', 14359, 7143, null, 'Nunc nisl. Duis bibendum, felis sed interdum venenatis, turpis enim blandit mi, in porttitor pede justo eu massa. Donec dapibus.', 'http://pen.io/hac/habitasse/platea.json?orci=erat&luctus=vestibulum&et=sed&ultrices=magna&posuere=at&cubilia=nunc&curae=commodo&donec=placerat&pharetra=praesent&magna=blandit&vestibulum=nam&aliquet=nulla&ultrices=integer&erat=pede&tortor=justo&sollicitudin=lacinia&mi=eget&sit=tincidunt&amet=eget&lobortis=tempus&sapien=vel&sapien=pede&non=morbi&mi=porttitor&integer=lorem&ac=id&neque=ligula&duis=suspendisse&bibendum=ornare&morbi=consequat&non=lectus&quam=in&nec=est&dui=risus&luctus=auctor&rutrum=sed&nulla=tristique&tellus=in&in=tempus&sagittis=sit&dui=amet&vel=sem&nisl=fusce&duis=consequat&ac=nulla&nibh=nisl&fusce=nunc&lacus=nisl&purus=duis&aliquet=bibendum&at=felis&feugiat=sed&non=interdum&pretium=venenatis&quis=turpis&lectus=enim&suspendisse=blandit&potenti=mi&in=in&eleifend=porttitor&quam=pede&a=justo&odio=eu&in=massa&hac=donec&habitasse=dapibus&platea=duis&dictumst=at&maecenas=velit&ut=eu&massa=est&quis=congue&augue=elementum&luctus=in&tincidunt=hac&nulla=habitasse&mollis=platea&molestie=dictumst&lorem=morbi', '#23350e', '2023-09-05 08:13:33', null);
insert into PRODUCT (id, post_id, user_id, title, price, sale_price, time, content, url, tag, created_date, updated_date) values (47, 23, 2, 'Aliquam augue quam, sollicitudin vitae, consectetuer eget, rutrum at, lorem.', 45021, 52648, null, 'Curabitur convallis.', 'http://nhs.uk/volutpat/dui/maecenas.js?eget=tortor&semper=id&rutrum=nulla&nulla=ultrices&nunc=aliquet&purus=maecenas&phasellus=leo&in=odio&felis=condimentum&donec=id&semper=luctus&sapien=nec&a=molestie&libero=sed&nam=justo&dui=pellentesque', '#3a8bcd', '2023-10-15 15:24:47', null);
insert into PRODUCT (id, post_id, user_id, title, price, sale_price, time, content, url, tag, created_date, updated_date) values (48, 42, 1, 'Praesent lectus.', 56235, 14742, null, 'Phasellus in felis.', 'https://miitbeian.gov.cn/lectus.xml?convallis=tortor&nulla=risus&neque=dapibus&libero=augue&convallis=vel&eget=accumsan&eleifend=tellus&luctus=nisi&ultricies=eu&eu=orci&nibh=mauris&quisque=lacinia&id=sapien&justo=quis&sit=libero&amet=nullam&sapien=sit&dignissim=amet&vestibulum=turpis&vestibulum=elementum&ante=ligula&ipsum=vehicula&primis=consequat&in=morbi&faucibus=a&orci=ipsum&luctus=integer&et=a&ultrices=nibh&posuere=in&cubilia=quis&curae=justo&nulla=maecenas&dapibus=rhoncus&dolor=aliquam&vel=lacus&est=morbi&donec=quis&odio=tortor&justo=id&sollicitudin=nulla&ut=ultrices&suscipit=aliquet&a=maecenas&feugiat=leo&et=odio&eros=condimentum&vestibulum=id&ac=luctus', '#8144a2', '2023-09-16 03:16:52', null);
insert into PRODUCT (id, post_id, user_id, title, price, sale_price, time, content, url, tag, created_date, updated_date) values (49, 13, 14, 'Etiam vel augue.', 39237, 20795, null, 'Proin eu mi. Nulla ac enim.', 'http://dailymotion.com/nam/ultrices/libero/non/mattis/pulvinar.html?et=aliquet&commodo=at&vulputate=feugiat&justo=non&in=pretium&blandit=quis&ultrices=lectus&enim=suspendisse&lorem=potenti&ipsum=in&dolor=eleifend&sit=quam&amet=a&consectetuer=odio&adipiscing=in&elit=hac&proin=habitasse&interdum=platea&mauris=dictumst&non=maecenas&ligula=ut&pellentesque=massa&ultrices=quis&phasellus=augue&id=luctus&sapien=tincidunt&in=nulla&sapien=mollis&iaculis=molestie&congue=lorem', '#64b7a1', '2023-10-19 03:11:52', null);
insert into PRODUCT (id, post_id, user_id, title, price, sale_price, time, content, url, tag, created_date, updated_date) values (50, 18, 12, 'Aliquam sit amet diam in magna bibendum imperdiet.', 59443, 20654, null, 'Mauris enim leo, rhoncus sed, vestibulum sit amet, cursus id, turpis. Integer aliquet, massa id lobortis convallis, tortor risus dapibus augue, vel accumsan tellus nisi eu orci. Mauris lacinia sapien quis libero.', 'https://ustream.tv/justo/sollicitudin/ut.js?semper=interdum&rutrum=eu&nulla=tincidunt&nunc=in', '#2bd924', '2023-11-25 06:52:55', null);
insert into PRODUCT (id, post_id, user_id, title, price, sale_price, time, content, url, tag, created_date, updated_date) values (51, 40, 9, 'Nunc rhoncus dui vel sem.', 20557, 9639, null, 'Morbi vestibulum, velit id pretium iaculis, diam erat fermentum justo, nec condimentum neque sapien placerat ante. Nulla justo. Aliquam quis turpis eget elit sodales scelerisque. Mauris sit amet eros.', 'http://geocities.com/eget/eleifend/luctus/ultricies/eu/nibh/quisque.jpg?odio=tempor&consequat=turpis&varius=nec&integer=euismod&ac=scelerisque&leo=quam&pellentesque=turpis&ultrices=adipiscing&mattis=lorem&odio=vitae&donec=mattis&vitae=nibh&nisi=ligula&nam=nec&ultrices=sem&libero=duis&non=aliquam&mattis=convallis&pulvinar=nunc&nulla=proin&pede=at&ullamcorper=turpis&augue=a&a=pede', '#0d9157', '2023-10-19 10:55:00', null);
insert into PRODUCT (id, post_id, user_id, title, price, sale_price, time, content, url, tag, created_date, updated_date) values (52, 46, 17, 'Nulla tellus.', 10664, 15579, null, 'Duis at velit eu est congue elementum. In hac habitasse platea dictumst. Morbi vestibulum, velit id pretium iaculis, diam erat fermentum justo, nec condimentum neque sapien placerat ante. Nulla justo.', 'https://fda.gov/libero/nullam.jpg?arcu=nulla&sed=nunc&augue=purus&aliquam=phasellus&erat=in&volutpat=felis&in=donec&congue=semper&etiam=sapien&justo=a&etiam=libero&pretium=nam&iaculis=dui&justo=proin&in=leo&hac=odio&habitasse=porttitor&platea=id&dictumst=consequat&etiam=in&faucibus=consequat&cursus=ut&urna=nulla&ut=sed&tellus=accumsan&nulla=felis&ut=ut&erat=at&id=dolor&mauris=quis&vulputate=odio&elementum=consequat&nullam=varius&varius=integer&nulla=ac&facilisi=leo&cras=pellentesque&non=ultrices&velit=mattis&nec=odio&nisi=donec&vulputate=vitae&nonummy=nisi&maecenas=nam&tincidunt=ultrices&lacus=libero&at=non&velit=mattis&vivamus=pulvinar&vel=nulla&nulla=pede&eget=ullamcorper&eros=augue&elementum=a&pellentesque=suscipit&quisque=nulla&porta=elit&volutpat=ac&erat=nulla&quisque=sed&erat=vel&eros=enim&viverra=sit&eget=amet&congue=nunc&eget=viverra&semper=dapibus&rutrum=nulla&nulla=suscipit&nunc=ligula&purus=in&phasellus=lacus&in=curabitur&felis=at&donec=ipsum&semper=ac&sapien=tellus&a=semper&libero=interdum&nam=mauris&dui=ullamcorper&proin=purus&leo=sit&odio=amet&porttitor=nulla&id=quisque&consequat=arcu&in=libero&consequat=rutrum&ut=ac&nulla=lobortis&sed=vel&accumsan=dapibus&felis=at', '#19de39', '2023-08-25 17:20:58', null);
insert into PRODUCT (id, post_id, user_id, title, price, sale_price, time, content, url, tag, created_date, updated_date) values (53, 24, 9, 'Nunc rhoncus dui vel sem.', 38912, 6859, null, 'Pellentesque eget nunc. Donec quis orci eget orci vehicula condimentum.', 'https://godaddy.com/nec.png?augue=magna&vestibulum=at&rutrum=nunc&rutrum=commodo&neque=placerat&aenean=praesent&auctor=blandit&gravida=nam&sem=nulla', '#2735cc', '2023-09-03 07:07:28', null);
insert into PRODUCT (id, post_id, user_id, title, price, sale_price, time, content, url, tag, created_date, updated_date) values (54, 23, 7, 'Vivamus vestibulum sagittis sapien.', 26749, 14707, null, 'Maecenas leo odio, condimentum id, luctus nec, molestie sed, justo. Pellentesque viverra pede ac diam. Cras pellentesque volutpat dui.', 'http://trellian.com/velit/donec.xml?non=accumsan&interdum=tellus&in=nisi&ante=eu&vestibulum=orci&ante=mauris&ipsum=lacinia&primis=sapien&in=quis&faucibus=libero&orci=nullam&luctus=sit&et=amet&ultrices=turpis&posuere=elementum&cubilia=ligula&curae=vehicula&duis=consequat&faucibus=morbi&accumsan=a&odio=ipsum&curabitur=integer&convallis=a&duis=nibh&consequat=in&dui=quis&nec=justo&nisi=maecenas&volutpat=rhoncus&eleifend=aliquam&donec=lacus&ut=morbi&dolor=quis&morbi=tortor&vel=id&lectus=nulla&in=ultrices&quam=aliquet&fringilla=maecenas&rhoncus=leo&mauris=odio&enim=condimentum&leo=id&rhoncus=luctus&sed=nec&vestibulum=molestie&sit=sed&amet=justo&cursus=pellentesque&id=viverra&turpis=pede&integer=ac&aliquet=diam&massa=cras&id=pellentesque&lobortis=volutpat&convallis=dui&tortor=maecenas&risus=tristique&dapibus=est&augue=et&vel=tempus&accumsan=semper&tellus=est', '#a1d9bc', '2023-11-12 12:42:59', null);
insert into PRODUCT (id, post_id, user_id, title, price, sale_price, time, content, url, tag, created_date, updated_date) values (55, 25, 8, 'Donec posuere metus vitae ipsum.', 36803, 39092, null, 'Quisque ut erat. Curabitur gravida nisi at nibh.', 'https://amazon.co.uk/in.xml?orci=nascetur', '#80522d', '2023-11-30 18:35:49', null);
insert into PRODUCT (id, post_id, user_id, title, price, sale_price, time, content, url, tag, created_date, updated_date) values (56, 48, 11, 'Sed vel enim sit amet nunc viverra dapibus.', 45472, 50936, null, 'Integer ac neque. Duis bibendum. Morbi non quam nec dui luctus rutrum.', 'https://home.pl/habitasse/platea/dictumst/morbi/vestibulum.json?quisque=consectetuer&ut=eget&erat=rutrum&curabitur=at&gravida=lorem&nisi=integer&at=tincidunt&nibh=ante&in=vel&hac=ipsum&habitasse=praesent&platea=blandit&dictumst=lacinia&aliquam=erat&augue=vestibulum&quam=sed&sollicitudin=magna&vitae=at&consectetuer=nunc&eget=commodo&rutrum=placerat&at=praesent&lorem=blandit&integer=nam', '#f9f609', '2023-11-08 04:28:55', null);
insert into PRODUCT (id, post_id, user_id, title, price, sale_price, time, content, url, tag, created_date, updated_date) values (57, 14, 20, 'Nulla neque libero, convallis eget, eleifend luctus, ultricies eu, nibh.', 10849, 12845, null, 'Donec semper sapien a libero.', 'http://earthlink.net/non.aspx?pede=viverra&ac=diam&diam=vitae&cras=quam&pellentesque=suspendisse&volutpat=potenti&dui=nullam&maecenas=porttitor&tristique=lacus&est=at&et=turpis&tempus=donec&semper=posuere&est=metus&quam=vitae&pharetra=ipsum&magna=aliquam&ac=non&consequat=mauris&metus=morbi&sapien=non&ut=lectus&nunc=aliquam&vestibulum=sit&ante=amet&ipsum=diam&primis=in&in=magna&faucibus=bibendum&orci=imperdiet&luctus=nullam&et=orci&ultrices=pede&posuere=venenatis&cubilia=non&curae=sodales&mauris=sed&viverra=tincidunt&diam=eu&vitae=felis&quam=fusce&suspendisse=posuere&potenti=felis&nullam=sed&porttitor=lacus&lacus=morbi&at=sem&turpis=mauris&donec=laoreet&posuere=ut&metus=rhoncus&vitae=aliquet&ipsum=pulvinar&aliquam=sed&non=nisl&mauris=nunc&morbi=rhoncus&non=dui&lectus=vel&aliquam=sem&sit=sed&amet=sagittis&diam=nam&in=congue&magna=risus&bibendum=semper&imperdiet=porta&nullam=volutpat&orci=quam&pede=pede&venenatis=lobortis', '#995da8', '2023-10-02 04:05:51', null);
insert into PRODUCT (id, post_id, user_id, title, price, sale_price, time, content, url, tag, created_date, updated_date) values (58, 26, 7, 'Praesent blandit.', 38579, 43096, null, 'Integer tincidunt ante vel ipsum. Praesent blandit lacinia erat. Vestibulum sed magna at nunc commodo placerat.', 'http://ifeng.com/pede/ullamcorper/augue/a.js?ipsum=amet&primis=turpis&in=elementum&faucibus=ligula&orci=vehicula&luctus=consequat&et=morbi&ultrices=a&posuere=ipsum&cubilia=integer&curae=a&donec=nibh&pharetra=in&magna=quis&vestibulum=justo&aliquet=maecenas&ultrices=rhoncus&erat=aliquam&tortor=lacus&sollicitudin=morbi&mi=quis&sit=tortor&amet=id&lobortis=nulla&sapien=ultrices&sapien=aliquet&non=maecenas&mi=leo&integer=odio&ac=condimentum&neque=id&duis=luctus&bibendum=nec&morbi=molestie', '#fe78ee', '2023-09-04 16:00:05', null);
insert into PRODUCT (id, post_id, user_id, title, price, sale_price, time, content, url, tag, created_date, updated_date) values (59, 2, 2, 'Vestibulum quam sapien, varius ut, blandit non, interdum in, ante.', 32318, 49925, null, 'Nam nulla. Integer pede justo, lacinia eget, tincidunt eget, tempus vel, pede. Morbi porttitor lorem id ligula. Suspendisse ornare consequat lectus. In est risus, auctor sed, tristique in, tempus sit amet, sem.', 'https://princeton.edu/luctus/nec/molestie/sed.json?felis=eget&fusce=nunc&posuere=donec&felis=quis&sed=orci&lacus=eget&morbi=orci&sem=vehicula&mauris=condimentum&laoreet=curabitur&ut=in&rhoncus=libero&aliquet=ut&pulvinar=massa&sed=volutpat&nisl=convallis&nunc=morbi&rhoncus=odio&dui=odio&vel=elementum&sem=eu&sed=interdum&sagittis=eu&nam=tincidunt&congue=in', '#d66e88', '2023-08-28 06:35:49', null);
insert into PRODUCT (id, post_id, user_id, title, price, sale_price, time, content, url, tag, created_date, updated_date) values (60, 46, 2, 'Morbi non lectus.', 19805, 22784, null, 'In hac habitasse platea dictumst. Aliquam augue quam, sollicitudin vitae, consectetuer eget, rutrum at, lorem. Integer tincidunt ante vel ipsum. Praesent blandit lacinia erat. Vestibulum sed magna at nunc commodo placerat.', 'https://macromedia.com/lorem/ipsum.html?quam=volutpat&fringilla=eleifend&rhoncus=donec&mauris=ut&enim=dolor&leo=morbi&rhoncus=vel&sed=lectus&vestibulum=in&sit=quam&amet=fringilla&cursus=rhoncus&id=mauris&turpis=enim&integer=leo&aliquet=rhoncus&massa=sed&id=vestibulum&lobortis=sit&convallis=amet&tortor=cursus&risus=id&dapibus=turpis&augue=integer&vel=aliquet&accumsan=massa&tellus=id&nisi=lobortis&eu=convallis&orci=tortor&mauris=risus&lacinia=dapibus&sapien=augue&quis=vel&libero=accumsan&nullam=tellus&sit=nisi&amet=eu&turpis=orci&elementum=mauris&ligula=lacinia&vehicula=sapien&consequat=quis&morbi=libero&a=nullam&ipsum=sit&integer=amet&a=turpis&nibh=elementum&in=ligula&quis=vehicula&justo=consequat&maecenas=morbi&rhoncus=a&aliquam=ipsum&lacus=integer&morbi=a&quis=nibh&tortor=in&id=quis&nulla=justo&ultrices=maecenas&aliquet=rhoncus&maecenas=aliquam&leo=lacus&odio=morbi&condimentum=quis&id=tortor&luctus=id', '#d18131', '2023-10-15 07:36:41', null);
insert into PRODUCT (id, post_id, user_id, title, price, sale_price, time, content, url, tag, created_date, updated_date) values (61, 10, 15, 'Cras pellentesque volutpat dui.', 29821, 40498, null, 'Donec ut dolor.', 'http://rakuten.co.jp/ut/erat.html?ridiculus=sit&mus=amet&etiam=consectetuer&vel=adipiscing&augue=elit&vestibulum=proin&rutrum=interdum&rutrum=mauris&neque=non&aenean=ligula&auctor=pellentesque&gravida=ultrices&sem=phasellus&praesent=id&id=sapien&massa=in&id=sapien&nisl=iaculis&venenatis=congue&lacinia=vivamus', '#e16b5e', '2023-09-13 09:58:49', null);
insert into PRODUCT (id, post_id, user_id, title, price, sale_price, time, content, url, tag, created_date, updated_date) values (62, 48, 10, 'Cum sociis natoque penatibus et magnis dis parturient montes, nascetur ridiculus mus.', 52687, 45994, null, 'Ut tellus. Nulla ut erat id mauris vulputate elementum.', 'https://salon.com/accumsan/tortor/quis/turpis/sed/ante.jsp?posuere=nascetur&felis=ridiculus&sed=mus&lacus=etiam&morbi=vel&sem=augue&mauris=vestibulum&laoreet=rutrum&ut=rutrum&rhoncus=neque&aliquet=aenean&pulvinar=auctor&sed=gravida&nisl=sem&nunc=praesent&rhoncus=id&dui=massa&vel=id&sem=nisl&sed=venenatis&sagittis=lacinia&nam=aenean&congue=sit&risus=amet&semper=justo&porta=morbi&volutpat=ut&quam=odio&pede=cras&lobortis=mi&ligula=pede&sit=malesuada&amet=in&eleifend=imperdiet&pede=et&libero=commodo&quis=vulputate&orci=justo&nullam=in&molestie=blandit&nibh=ultrices&in=enim&lectus=lorem', '#605b4f', '2023-09-06 00:19:32', null);
insert into PRODUCT (id, post_id, user_id, title, price, sale_price, time, content, url, tag, created_date, updated_date) values (63, 31, 12, 'Curabitur in libero ut massa volutpat convallis.', 14383, 39769, null, 'Integer tincidunt ante vel ipsum. Praesent blandit lacinia erat.', 'http://skype.com/primis/in/faucibus/orci/luctus/et.xml?vivamus=erat&metus=eros&arcu=viverra&adipiscing=eget&molestie=congue&hendrerit=eget&at=semper&vulputate=rutrum&vitae=nulla&nisl=nunc&aenean=purus&lectus=phasellus&pellentesque=in&eget=felis&nunc=donec&donec=semper&quis=sapien&orci=a&eget=libero&orci=nam&vehicula=dui&condimentum=proin&curabitur=leo&in=odio&libero=porttitor&ut=id&massa=consequat&volutpat=in&convallis=consequat', '#a0d4fe', '2023-12-27 01:01:42', null);
insert into PRODUCT (id, post_id, user_id, title, price, sale_price, time, content, url, tag, created_date, updated_date) values (64, 20, 19, 'Nunc purus.', 37540, 27631, null, 'Nullam varius. Nulla facilisi.', 'http://craigslist.org/id.xml?aenean=et&lectus=eros&pellentesque=vestibulum&eget=ac&nunc=est&donec=lacinia&quis=nisi&orci=venenatis&eget=tristique&orci=fusce&vehicula=congue&condimentum=diam&curabitur=id&in=ornare&libero=imperdiet&ut=sapien&massa=urna&volutpat=pretium&convallis=nisl&morbi=ut&odio=volutpat&odio=sapien&elementum=arcu&eu=sed&interdum=augue&eu=aliquam&tincidunt=erat&in=volutpat&leo=in&maecenas=congue&pulvinar=etiam&lobortis=justo&est=etiam&phasellus=pretium&sit=iaculis&amet=justo&erat=in&nulla=hac&tempus=habitasse&vivamus=platea&in=dictumst&felis=etiam&eu=faucibus&sapien=cursus&cursus=urna&vestibulum=ut&proin=tellus', '#e5a77b', '2023-12-02 00:51:01', null);
insert into PRODUCT (id, post_id, user_id, title, price, sale_price, time, content, url, tag, created_date, updated_date) values (65, 50, 15, 'Nulla mollis molestie lorem.', 46658, 26980, null, 'Integer tincidunt ante vel ipsum. Praesent blandit lacinia erat. Vestibulum sed magna at nunc commodo placerat.', 'https://smugmug.com/vivamus/tortor/duis/mattis/egestas/metus.aspx?elit=posuere&proin=cubilia&risus=curae&praesent=donec&lectus=pharetra&vestibulum=magna&quam=vestibulum&sapien=aliquet&varius=ultrices&ut=erat&blandit=tortor&non=sollicitudin&interdum=mi&in=sit&ante=amet&vestibulum=lobortis&ante=sapien&ipsum=sapien&primis=non&in=mi&faucibus=integer&orci=ac&luctus=neque&et=duis&ultrices=bibendum&posuere=morbi&cubilia=non&curae=quam&duis=nec&faucibus=dui', '#1ffd27', '2023-10-05 00:05:25', null);
insert into PRODUCT (id, post_id, user_id, title, price, sale_price, time, content, url, tag, created_date, updated_date) values (66, 5, 16, 'Morbi non lectus.', 32661, 31356, null, 'In hac habitasse platea dictumst.', 'http://paypal.com/etiam/justo/etiam/pretium/iaculis/justo/in.aspx?vestibulum=montes&quam=nascetur&sapien=ridiculus&varius=mus&ut=etiam&blandit=vel&non=augue&interdum=vestibulum&in=rutrum&ante=rutrum&vestibulum=neque&ante=aenean&ipsum=auctor&primis=gravida&in=sem&faucibus=praesent&orci=id&luctus=massa&et=id&ultrices=nisl&posuere=venenatis&cubilia=lacinia&curae=aenean&duis=sit&faucibus=amet&accumsan=justo&odio=morbi&curabitur=ut&convallis=odio&duis=cras&consequat=mi&dui=pede&nec=malesuada&nisi=in&volutpat=imperdiet&eleifend=et&donec=commodo&ut=vulputate&dolor=justo&morbi=in&vel=blandit&lectus=ultrices&in=enim&quam=lorem&fringilla=ipsum&rhoncus=dolor&mauris=sit&enim=amet&leo=consectetuer&rhoncus=adipiscing&sed=elit&vestibulum=proin&sit=interdum&amet=mauris&cursus=non&id=ligula&turpis=pellentesque&integer=ultrices&aliquet=phasellus&massa=id&id=sapien&lobortis=in&convallis=sapien&tortor=iaculis&risus=congue', '#3c4a2b', '2023-09-27 08:13:52', null);
insert into PRODUCT (id, post_id, user_id, title, price, sale_price, time, content, url, tag, created_date, updated_date) values (67, 17, 5, 'Maecenas leo odio, condimentum id, luctus nec, molestie sed, justo.', 19815, 37198, null, 'Aenean lectus. Pellentesque eget nunc. Donec quis orci eget orci vehicula condimentum. Curabitur in libero ut massa volutpat convallis.', 'https://w3.org/sed.html?pede=ligula&lobortis=pellentesque&ligula=ultrices&sit=phasellus&amet=id&eleifend=sapien&pede=in&libero=sapien&quis=iaculis&orci=congue', '#b036aa', '2023-12-21 10:49:07', null);
insert into PRODUCT (id, post_id, user_id, title, price, sale_price, time, content, url, tag, created_date, updated_date) values (68, 29, 3, 'Maecenas rhoncus aliquam lacus.', 10592, 36293, null, 'Morbi quis tortor id nulla ultrices aliquet. Maecenas leo odio, condimentum id, luctus nec, molestie sed, justo. Pellentesque viverra pede ac diam. Cras pellentesque volutpat dui.', 'https://vk.com/ac/est/lacinia/nisi.html?in=amet&hac=erat&habitasse=nulla&platea=tempus&dictumst=vivamus&aliquam=in&augue=felis&quam=eu&sollicitudin=sapien&vitae=cursus&consectetuer=vestibulum&eget=proin&rutrum=eu&at=mi&lorem=nulla&integer=ac&tincidunt=enim&ante=in&vel=tempor&ipsum=turpis&praesent=nec&blandit=euismod&lacinia=scelerisque&erat=quam&vestibulum=turpis&sed=adipiscing&magna=lorem&at=vitae&nunc=mattis&commodo=nibh&placerat=ligula&praesent=nec&blandit=sem&nam=duis&nulla=aliquam&integer=convallis&pede=nunc&justo=proin&lacinia=at&eget=turpis&tincidunt=a&eget=pede&tempus=posuere&vel=nonummy&pede=integer&morbi=non&porttitor=velit&lorem=donec&id=diam&ligula=neque&suspendisse=vestibulum&ornare=eget&consequat=vulputate&lectus=ut', '#153fae', '2023-09-23 07:43:19', null);
insert into PRODUCT (id, post_id, user_id, title, price, sale_price, time, content, url, tag, created_date, updated_date) values (69, 40, 14, 'Donec ut dolor.', 44985, 48042, null, 'Nulla facilisi. Cras non velit nec nisi vulputate nonummy. Maecenas tincidunt lacus at velit. Vivamus vel nulla eget eros elementum pellentesque.', 'https://oaic.gov.au/fringilla/rhoncus/mauris/enim/leo.aspx?integer=integer&a=aliquet&nibh=massa&in=id&quis=lobortis&justo=convallis&maecenas=tortor&rhoncus=risus&aliquam=dapibus&lacus=augue&morbi=vel&quis=accumsan&tortor=tellus&id=nisi&nulla=eu&ultrices=orci&aliquet=mauris&maecenas=lacinia', '#0753e4', '2023-12-29 19:23:09', null);
insert into PRODUCT (id, post_id, user_id, title, price, sale_price, time, content, url, tag, created_date, updated_date) values (70, 13, 10, 'Maecenas rhoncus aliquam lacus.', 48441, 30408, null, 'Proin risus.', 'https://g.co/in/quis/justo/maecenas/rhoncus/aliquam.jpg?eros=congue&elementum=diam&pellentesque=id&quisque=ornare&porta=imperdiet&volutpat=sapien&erat=urna&quisque=pretium&erat=nisl&eros=ut&viverra=volutpat&eget=sapien&congue=arcu&eget=sed&semper=augue', '#14605b', '2023-10-15 01:44:11', null);
insert into PRODUCT (id, post_id, user_id, title, price, sale_price, time, content, url, tag, created_date, updated_date) values (71, 47, 3, 'Pellentesque at nulla.', 59878, 45727, null, 'Morbi non lectus. Aliquam sit amet diam in magna bibendum imperdiet. Nullam orci pede, venenatis non, sodales sed, tincidunt eu, felis.', 'http://redcross.org/at/nibh/in/hac/habitasse.js?sed=vestibulum&magna=vestibulum&at=ante&nunc=ipsum&commodo=primis&placerat=in&praesent=faucibus&blandit=orci&nam=luctus&nulla=et&integer=ultrices&pede=posuere&justo=cubilia&lacinia=curae&eget=nulla&tincidunt=dapibus&eget=dolor&tempus=vel&vel=est', '#e75257', '2023-09-29 13:21:28', null);
insert into PRODUCT (id, post_id, user_id, title, price, sale_price, time, content, url, tag, created_date, updated_date) values (72, 25, 7, 'In congue.', 36887, 57897, null, 'Morbi ut odio. Cras mi pede, malesuada in, imperdiet et, commodo vulputate, justo. In blandit ultrices enim. Lorem ipsum dolor sit amet, consectetuer adipiscing elit. Proin interdum mauris non ligula pellentesque ultrices.', 'http://tmall.com/sit/amet/cursus/id/turpis.json?in=non&magna=lectus&bibendum=aliquam&imperdiet=sit&nullam=amet&orci=diam&pede=in&venenatis=magna&non=bibendum&sodales=imperdiet&sed=nullam&tincidunt=orci', '#c84962', '2023-12-02 02:30:16', null);
insert into PRODUCT (id, post_id, user_id, title, price, sale_price, time, content, url, tag, created_date, updated_date) values (73, 26, 18, 'Pellentesque ultrices mattis odio.', 58651, 29497, null, 'Donec quis orci eget orci vehicula condimentum. Curabitur in libero ut massa volutpat convallis. Morbi odio odio, elementum eu, interdum eu, tincidunt in, leo.', 'http://clickbank.net/eros/vestibulum/ac/est/lacinia.xml?quis=ultrices&libero=vel&nullam=augue&sit=vestibulum&amet=ante&turpis=ipsum&elementum=primis&ligula=in&vehicula=faucibus&consequat=orci&morbi=luctus&a=et&ipsum=ultrices&integer=posuere&a=cubilia&nibh=curae&in=donec&quis=pharetra&justo=magna&maecenas=vestibulum&rhoncus=aliquet&aliquam=ultrices&lacus=erat&morbi=tortor&quis=sollicitudin&tortor=mi&id=sit&nulla=amet&ultrices=lobortis&aliquet=sapien&maecenas=sapien&leo=non&odio=mi&condimentum=integer&id=ac&luctus=neque&nec=duis', '#743591', '2023-12-28 20:45:50', null);
insert into PRODUCT (id, post_id, user_id, title, price, sale_price, time, content, url, tag, created_date, updated_date) values (74, 21, 6, 'Donec diam neque, vestibulum eget, vulputate ut, ultrices vel, augue.', 27841, 31687, null, 'Nunc purus.', 'http://walmart.com/ut/nulla/sed/accumsan.aspx?luctus=morbi&ultricies=vestibulum&eu=velit&nibh=id&quisque=pretium&id=iaculis&justo=diam&sit=erat&amet=fermentum&sapien=justo&dignissim=nec&vestibulum=condimentum&vestibulum=neque&ante=sapien&ipsum=placerat&primis=ante&in=nulla&faucibus=justo&orci=aliquam&luctus=quis&et=turpis&ultrices=eget&posuere=elit&cubilia=sodales&curae=scelerisque&nulla=mauris&dapibus=sit&dolor=amet&vel=eros&est=suspendisse&donec=accumsan&odio=tortor&justo=quis&sollicitudin=turpis&ut=sed&suscipit=ante&a=vivamus&feugiat=tortor&et=duis&eros=mattis&vestibulum=egestas&ac=metus&est=aenean&lacinia=fermentum&nisi=donec&venenatis=ut', '#e2de44', '2023-12-28 15:54:36', null);
insert into PRODUCT (id, post_id, user_id, title, price, sale_price, time, content, url, tag, created_date, updated_date) values (75, 50, 11, 'Cum sociis natoque penatibus et magnis dis parturient montes, nascetur ridiculus mus.', 16672, 7062, null, 'Quisque id justo sit amet sapien dignissim vestibulum. Vestibulum ante ipsum primis in faucibus orci luctus et ultrices posuere cubilia Curae; Nulla dapibus dolor vel est. Donec odio justo, sollicitudin ut, suscipit a, feugiat et, eros. Vestibulum ac est lacinia nisi venenatis tristique.', 'http://tinyurl.com/orci/luctus/et/ultrices.aspx?pretium=eget&iaculis=elit&justo=sodales&in=scelerisque&hac=mauris&habitasse=sit&platea=amet&dictumst=eros&etiam=suspendisse&faucibus=accumsan&cursus=tortor&urna=quis&ut=turpis&tellus=sed&nulla=ante&ut=vivamus&erat=tortor&id=duis&mauris=mattis&vulputate=egestas&elementum=metus&nullam=aenean&varius=fermentum&nulla=donec', '#c5b204', '2023-11-27 19:23:25', null);
insert into PRODUCT (id, post_id, user_id, title, price, sale_price, time, content, url, tag, created_date, updated_date) values (76, 2, 11, 'In blandit ultrices enim.', 17562, 53521, null, 'Donec odio justo, sollicitudin ut, suscipit a, feugiat et, eros.', 'https://photobucket.com/ut/at/dolor/quis/odio.json?vestibulum=id&quam=luctus&sapien=nec&varius=molestie&ut=sed&blandit=justo&non=pellentesque&interdum=viverra&in=pede&ante=ac&vestibulum=diam&ante=cras', '#085829', '2023-10-25 10:05:49', null);
insert into PRODUCT (id, post_id, user_id, title, price, sale_price, time, content, url, tag, created_date, updated_date) values (77, 16, 6, 'Lorem ipsum dolor sit amet, consectetuer adipiscing elit.', 23997, 47702, null, 'Morbi vestibulum, velit id pretium iaculis, diam erat fermentum justo, nec condimentum neque sapien placerat ante. Nulla justo.', 'http://elegantthemes.com/curabitur.xml?congue=neque&vivamus=vestibulum&metus=eget&arcu=vulputate&adipiscing=ut&molestie=ultrices&hendrerit=vel&at=augue&vulputate=vestibulum&vitae=ante&nisl=ipsum&aenean=primis&lectus=in&pellentesque=faucibus&eget=orci&nunc=luctus&donec=et&quis=ultrices&orci=posuere&eget=cubilia&orci=curae&vehicula=donec&condimentum=pharetra&curabitur=magna&in=vestibulum&libero=aliquet&ut=ultrices&massa=erat&volutpat=tortor&convallis=sollicitudin&morbi=mi&odio=sit&odio=amet&elementum=lobortis&eu=sapien&interdum=sapien&eu=non&tincidunt=mi&in=integer&leo=ac', '#990a97', '2023-11-17 04:18:53', null);
insert into PRODUCT (id, post_id, user_id, title, price, sale_price, time, content, url, tag, created_date, updated_date) values (78, 24, 5, 'Morbi non lectus.', 21201, 16711, null, 'Nulla justo. Aliquam quis turpis eget elit sodales scelerisque. Mauris sit amet eros. Suspendisse accumsan tortor quis turpis.', 'https://networkadvertising.org/aliquam/convallis/nunc.js?ultrices=turpis&libero=eget&non=elit&mattis=sodales&pulvinar=scelerisque&nulla=mauris&pede=sit&ullamcorper=amet&augue=eros&a=suspendisse&suscipit=accumsan&nulla=tortor&elit=quis&ac=turpis&nulla=sed&sed=ante&vel=vivamus&enim=tortor&sit=duis&amet=mattis&nunc=egestas&viverra=metus&dapibus=aenean&nulla=fermentum&suscipit=donec&ligula=ut&in=mauris&lacus=eget&curabitur=massa', '#68b32e', '2024-01-08 11:45:55', null);
insert into PRODUCT (id, post_id, user_id, title, price, sale_price, time, content, url, tag, created_date, updated_date) values (79, 21, 10, 'Vivamus vestibulum sagittis sapien.', 25972, 25847, null, 'Quisque porta volutpat erat.', 'https://behance.net/mauris.jpg?quisque=mi&erat=nulla&eros=ac&viverra=enim&eget=in&congue=tempor&eget=turpis&semper=nec&rutrum=euismod&nulla=scelerisque&nunc=quam&purus=turpis&phasellus=adipiscing&in=lorem&felis=vitae&donec=mattis&semper=nibh&sapien=ligula&a=nec&libero=sem&nam=duis&dui=aliquam&proin=convallis&leo=nunc&odio=proin&porttitor=at&id=turpis&consequat=a&in=pede&consequat=posuere&ut=nonummy&nulla=integer&sed=non&accumsan=velit&felis=donec&ut=diam&at=neque&dolor=vestibulum&quis=eget&odio=vulputate&consequat=ut&varius=ultrices&integer=vel&ac=augue&leo=vestibulum&pellentesque=ante&ultrices=ipsum&mattis=primis&odio=in&donec=faucibus&vitae=orci&nisi=luctus&nam=et&ultrices=ultrices&libero=posuere&non=cubilia&mattis=curae&pulvinar=donec&nulla=pharetra&pede=magna&ullamcorper=vestibulum&augue=aliquet&a=ultrices&suscipit=erat&nulla=tortor&elit=sollicitudin&ac=mi&nulla=sit&sed=amet&vel=lobortis&enim=sapien&sit=sapien&amet=non&nunc=mi&viverra=integer&dapibus=ac&nulla=neque&suscipit=duis&ligula=bibendum&in=morbi&lacus=non&curabitur=quam&at=nec&ipsum=dui&ac=luctus&tellus=rutrum&semper=nulla&interdum=tellus&mauris=in&ullamcorper=sagittis&purus=dui&sit=vel&amet=nisl&nulla=duis&quisque=ac&arcu=nibh', '#2c02d5', '2023-11-26 23:04:10', null);
insert into PRODUCT (id, post_id, user_id, title, price, sale_price, time, content, url, tag, created_date, updated_date) values (80, 31, 8, 'In hac habitasse platea dictumst.', 43577, 50678, null, 'Nulla tempus. Vivamus in felis eu sapien cursus vestibulum. Proin eu mi. Nulla ac enim.', 'https://infoseek.co.jp/donec/ut/mauris/eget/massa/tempor.jpg?sed=ultricies&sagittis=eu&nam=nibh&congue=quisque&risus=id&semper=justo&porta=sit&volutpat=amet&quam=sapien&pede=dignissim&lobortis=vestibulum', '#030ec5', '2023-10-11 06:16:30', null);
insert into PRODUCT (id, post_id, user_id, title, price, sale_price, time, content, url, tag, created_date, updated_date) values (81, 3, 10, 'Phasellus in felis.', 50186, 52604, null, 'Donec odio justo, sollicitudin ut, suscipit a, feugiat et, eros.', 'https://ibm.com/auctor/gravida/sem/praesent/id/massa.html?pretium=cubilia&nisl=curae&ut=nulla&volutpat=dapibus&sapien=dolor&arcu=vel&sed=est&augue=donec&aliquam=odio&erat=justo&volutpat=sollicitudin&in=ut&congue=suscipit&etiam=a&justo=feugiat&etiam=et&pretium=eros&iaculis=vestibulum&justo=ac&in=est&hac=lacinia&habitasse=nisi&platea=venenatis&dictumst=tristique&etiam=fusce&faucibus=congue&cursus=diam&urna=id&ut=ornare&tellus=imperdiet&nulla=sapien&ut=urna&erat=pretium&id=nisl', '#2edfc3', '2024-01-05 07:10:47', null);
insert into PRODUCT (id, post_id, user_id, title, price, sale_price, time, content, url, tag, created_date, updated_date) values (82, 28, 5, 'Nullam porttitor lacus at turpis.', 37097, 29576, null, 'Aliquam sit amet diam in magna bibendum imperdiet. Nullam orci pede, venenatis non, sodales sed, tincidunt eu, felis.', 'http://eepurl.com/morbi.json?lorem=maecenas&ipsum=tristique&dolor=est&sit=et&amet=tempus&consectetuer=semper&adipiscing=est&elit=quam&proin=pharetra&risus=magna&praesent=ac&lectus=consequat&vestibulum=metus&quam=sapien&sapien=ut&varius=nunc&ut=vestibulum&blandit=ante&non=ipsum&interdum=primis&in=in&ante=faucibus&vestibulum=orci&ante=luctus&ipsum=et&primis=ultrices&in=posuere&faucibus=cubilia&orci=curae', '#1bc7ec', '2023-10-07 04:17:50', null);
insert into PRODUCT (id, post_id, user_id, title, price, sale_price, time, content, url, tag, created_date, updated_date) values (83, 1, 18, 'In sagittis dui vel nisl.', 48839, 39421, null, 'Nam tristique tortor eu pede.', 'http://discovery.com/id/massa/id/nisl/venenatis.aspx?integer=dapibus&pede=nulla&justo=suscipit&lacinia=ligula&eget=in&tincidunt=lacus&eget=curabitur&tempus=at&vel=ipsum&pede=ac&morbi=tellus&porttitor=semper&lorem=interdum&id=mauris&ligula=ullamcorper&suspendisse=purus&ornare=sit&consequat=amet&lectus=nulla&in=quisque&est=arcu&risus=libero&auctor=rutrum&sed=ac&tristique=lobortis&in=vel', '#816a5c', '2023-12-31 21:34:44', null);
insert into PRODUCT (id, post_id, user_id, title, price, sale_price, time, content, url, tag, created_date, updated_date) values (84, 8, 3, 'Morbi sem mauris, laoreet ut, rhoncus aliquet, pulvinar sed, nisl.', 33385, 9410, null, 'Lorem ipsum dolor sit amet, consectetuer adipiscing elit. Proin risus. Praesent lectus. Vestibulum quam sapien, varius ut, blandit non, interdum in, ante.', 'https://deviantart.com/amet.html?justo=quam&eu=sapien&massa=varius&donec=ut&dapibus=blandit&duis=non&at=interdum&velit=in&eu=ante&est=vestibulum&congue=ante&elementum=ipsum&in=primis&hac=in&habitasse=faucibus&platea=orci&dictumst=luctus&morbi=et&vestibulum=ultrices&velit=posuere&id=cubilia&pretium=curae&iaculis=duis&diam=faucibus&erat=accumsan&fermentum=odio&justo=curabitur&nec=convallis&condimentum=duis&neque=consequat&sapien=dui&placerat=nec&ante=nisi&nulla=volutpat&justo=eleifend&aliquam=donec&quis=ut&turpis=dolor&eget=morbi&elit=vel&sodales=lectus&scelerisque=in&mauris=quam&sit=fringilla&amet=rhoncus&eros=mauris&suspendisse=enim&accumsan=leo&tortor=rhoncus&quis=sed&turpis=vestibulum&sed=sit&ante=amet&vivamus=cursus&tortor=id&duis=turpis&mattis=integer&egestas=aliquet&metus=massa&aenean=id&fermentum=lobortis&donec=convallis&ut=tortor&mauris=risus&eget=dapibus&massa=augue&tempor=vel&convallis=accumsan&nulla=tellus&neque=nisi&libero=eu&convallis=orci&eget=mauris&eleifend=lacinia&luctus=sapien&ultricies=quis&eu=libero&nibh=nullam&quisque=sit&id=amet', '#db3b2d', '2023-11-28 05:39:47', null);
insert into PRODUCT (id, post_id, user_id, title, price, sale_price, time, content, url, tag, created_date, updated_date) values (85, 45, 13, 'Nulla suscipit ligula in lacus.', 53186, 27718, null, 'Etiam pretium iaculis justo.', 'https://behance.net/justo/eu/massa.json?lectus=neque&vestibulum=vestibulum&quam=eget&sapien=vulputate&varius=ut&ut=ultrices&blandit=vel&non=augue&interdum=vestibulum&in=ante&ante=ipsum&vestibulum=primis&ante=in&ipsum=faucibus&primis=orci&in=luctus&faucibus=et&orci=ultrices&luctus=posuere&et=cubilia&ultrices=curae&posuere=donec&cubilia=pharetra&curae=magna&duis=vestibulum&faucibus=aliquet&accumsan=ultrices&odio=erat', '#4df2b6', '2023-08-26 14:47:05', null);
insert into PRODUCT (id, post_id, user_id, title, price, sale_price, time, content, url, tag, created_date, updated_date) values (86, 1, 14, 'Quisque id justo sit amet sapien dignissim vestibulum.', 39361, 57317, null, 'Quisque id justo sit amet sapien dignissim vestibulum. Vestibulum ante ipsum primis in faucibus orci luctus et ultrices posuere cubilia Curae; Nulla dapibus dolor vel est.', 'https://google.cn/quis/turpis/sed/ante/vivamus/tortor/duis.json?nonummy=pede&integer=morbi&non=porttitor&velit=lorem&donec=id&diam=ligula&neque=suspendisse&vestibulum=ornare&eget=consequat&vulputate=lectus&ut=in&ultrices=est&vel=risus&augue=auctor&vestibulum=sed&ante=tristique&ipsum=in&primis=tempus&in=sit&faucibus=amet&orci=sem&luctus=fusce&et=consequat&ultrices=nulla&posuere=nisl&cubilia=nunc&curae=nisl&donec=duis&pharetra=bibendum&magna=felis&vestibulum=sed&aliquet=interdum&ultrices=venenatis&erat=turpis&tortor=enim&sollicitudin=blandit&mi=mi&sit=in&amet=porttitor&lobortis=pede&sapien=justo&sapien=eu&non=massa&mi=donec&integer=dapibus&ac=duis&neque=at&duis=velit&bibendum=eu&morbi=est&non=congue&quam=elementum', '#85cd16', '2023-09-28 00:19:12', null);
insert into PRODUCT (id, post_id, user_id, title, price, sale_price, time, content, url, tag, created_date, updated_date) values (87, 49, 2, 'Cras pellentesque volutpat dui.', 47861, 23026, null, 'Cum sociis natoque penatibus et magnis dis parturient montes, nascetur ridiculus mus. Vivamus vestibulum sagittis sapien. Cum sociis natoque penatibus et magnis dis parturient montes, nascetur ridiculus mus. Etiam vel augue.', 'https://forbes.com/at/velit/vivamus/vel/nulla.xml?praesent=id&id=massa&massa=id&id=nisl&nisl=venenatis&venenatis=lacinia&lacinia=aenean&aenean=sit&sit=amet&amet=justo&justo=morbi&morbi=ut&ut=odio&odio=cras&cras=mi&mi=pede&pede=malesuada&malesuada=in&in=imperdiet&imperdiet=et&et=commodo&commodo=vulputate&vulputate=justo&justo=in&in=blandit&blandit=ultrices&ultrices=enim&enim=lorem&lorem=ipsum&ipsum=dolor&dolor=sit&sit=amet&amet=consectetuer&consectetuer=adipiscing&adipiscing=elit&elit=proin&proin=interdum&interdum=mauris&mauris=non&non=ligula&ligula=pellentesque&pellentesque=ultrices&ultrices=phasellus&phasellus=id&id=sapien&sapien=in&in=sapien&sapien=iaculis&iaculis=congue&congue=vivamus&vivamus=metus&metus=arcu&arcu=adipiscing&adipiscing=molestie&molestie=hendrerit&hendrerit=at&at=vulputate&vulputate=vitae&vitae=nisl&nisl=aenean&aenean=lectus&lectus=pellentesque&pellentesque=eget&eget=nunc&nunc=donec&donec=quis&quis=orci&orci=eget&eget=orci&orci=vehicula&vehicula=condimentum&condimentum=curabitur&curabitur=in&in=libero&libero=ut&ut=massa&massa=volutpat&volutpat=convallis', '#adf819', '2023-11-28 16:32:36', null);
insert into PRODUCT (id, post_id, user_id, title, price, sale_price, time, content, url, tag, created_date, updated_date) values (88, 13, 1, 'Vestibulum ante ipsum primis in faucibus orci luctus et ultrices posuere cubilia Curae; Nulla dapibus dolor vel est.', 28635, 32178, null, 'Donec diam neque, vestibulum eget, vulputate ut, ultrices vel, augue. Vestibulum ante ipsum primis in faucibus orci luctus et ultrices posuere cubilia Curae; Donec pharetra, magna vestibulum aliquet ultrices, erat tortor sollicitudin mi, sit amet lobortis sapien sapien non mi. Integer ac neque. Duis bibendum.', 'https://qq.com/massa/donec/dapibus/duis/at/velit/eu.js?adipiscing=cubilia&molestie=curae&hendrerit=nulla&at=dapibus&vulputate=dolor&vitae=vel&nisl=est&aenean=donec&lectus=odio&pellentesque=justo&eget=sollicitudin&nunc=ut&donec=suscipit&quis=a&orci=feugiat&eget=et&orci=eros&vehicula=vestibulum&condimentum=ac&curabitur=est&in=lacinia&libero=nisi&ut=venenatis&massa=tristique&volutpat=fusce&convallis=congue&morbi=diam&odio=id&odio=ornare&elementum=imperdiet&eu=sapien&interdum=urna&eu=pretium&tincidunt=nisl&in=ut&leo=volutpat&maecenas=sapien&pulvinar=arcu&lobortis=sed&est=augue&phasellus=aliquam&sit=erat&amet=volutpat&erat=in&nulla=congue&tempus=etiam&vivamus=justo&in=etiam&felis=pretium&eu=iaculis&sapien=justo&cursus=in&vestibulum=hac&proin=habitasse&eu=platea&mi=dictumst&nulla=etiam&ac=faucibus&enim=cursus&in=urna&tempor=ut&turpis=tellus&nec=nulla&euismod=ut&scelerisque=erat&quam=id&turpis=mauris&adipiscing=vulputate&lorem=elementum&vitae=nullam&mattis=varius&nibh=nulla&ligula=facilisi&nec=cras', '#c982a7', '2024-01-10 12:01:42', null);
insert into PRODUCT (id, post_id, user_id, title, price, sale_price, time, content, url, tag, created_date, updated_date) values (89, 2, 7, 'Vestibulum sed magna at nunc commodo placerat.', 22783, 19363, null, 'Morbi sem mauris, laoreet ut, rhoncus aliquet, pulvinar sed, nisl. Nunc rhoncus dui vel sem.', 'https://usatoday.com/leo/maecenas/pulvinar/lobortis/est.json?volutpat=tellus&sapien=nulla&arcu=ut&sed=erat&augue=id&aliquam=mauris&erat=vulputate&volutpat=elementum&in=nullam&congue=varius&etiam=nulla&justo=facilisi&etiam=cras&pretium=non&iaculis=velit&justo=nec&in=nisi', '#6405a1', '2023-11-28 06:44:27', null);
insert into PRODUCT (id, post_id, user_id, title, price, sale_price, time, content, url, tag, created_date, updated_date) values (90, 36, 12, 'Sed vel enim sit amet nunc viverra dapibus.', 17523, 5008, null, 'Nulla tellus. In sagittis dui vel nisl. Duis ac nibh. Fusce lacus purus, aliquet at, feugiat non, pretium quis, lectus. Suspendisse potenti.', 'https://github.io/accumsan/tortor/quis/turpis/sed.xml?semper=diam&est=vitae&quam=quam&pharetra=suspendisse&magna=potenti&ac=nullam&consequat=porttitor&metus=lacus&sapien=at&ut=turpis&nunc=donec&vestibulum=posuere&ante=metus&ipsum=vitae&primis=ipsum&in=aliquam', '#9ac2a5', '2023-09-24 21:19:41', null);
insert into PRODUCT (id, post_id, user_id, title, price, sale_price, time, content, url, tag, created_date, updated_date) values (91, 1, 1, 'Quisque porta volutpat erat.', 9132, 22473, null, 'Nam ultrices, libero non mattis pulvinar, nulla pede ullamcorper augue, a suscipit nulla elit ac nulla.', 'http://lulu.com/convallis/nunc/proin/at.js?nulla=aliquam&ultrices=erat&aliquet=volutpat&maecenas=in&leo=congue&odio=etiam&condimentum=justo&id=etiam&luctus=pretium&nec=iaculis&molestie=justo&sed=in&justo=hac&pellentesque=habitasse&viverra=platea&pede=dictumst&ac=etiam&diam=faucibus&cras=cursus&pellentesque=urna&volutpat=ut&dui=tellus&maecenas=nulla&tristique=ut&est=erat&et=id&tempus=mauris&semper=vulputate&est=elementum&quam=nullam&pharetra=varius&magna=nulla&ac=facilisi&consequat=cras&metus=non&sapien=velit&ut=nec&nunc=nisi&vestibulum=vulputate&ante=nonummy&ipsum=maecenas&primis=tincidunt&in=lacus&faucibus=at&orci=velit&luctus=vivamus&et=vel&ultrices=nulla&posuere=eget&cubilia=eros&curae=elementum&mauris=pellentesque&viverra=quisque&diam=porta&vitae=volutpat&quam=erat&suspendisse=quisque&potenti=erat&nullam=eros&porttitor=viverra&lacus=eget&at=congue&turpis=eget&donec=semper&posuere=rutrum&metus=nulla', '#a78721', '2023-11-09 07:46:37', null);
insert into PRODUCT (id, post_id, user_id, title, price, sale_price, time, content, url, tag, created_date, updated_date) values (92, 42, 20, 'In blandit ultrices enim.', 18611, 37307, null, 'Duis consequat dui nec nisi volutpat eleifend. Donec ut dolor. Morbi vel lectus in quam fringilla rhoncus. Mauris enim leo, rhoncus sed, vestibulum sit amet, cursus id, turpis. Integer aliquet, massa id lobortis convallis, tortor risus dapibus augue, vel accumsan tellus nisi eu orci.', 'http://goo.ne.jp/interdum/mauris/non/ligula/pellentesque.html?pharetra=porttitor&magna=lacus&ac=at&consequat=turpis&metus=donec&sapien=posuere&ut=metus&nunc=vitae&vestibulum=ipsum&ante=aliquam&ipsum=non&primis=mauris&in=morbi&faucibus=non&orci=lectus&luctus=aliquam&et=sit&ultrices=amet&posuere=diam&cubilia=in&curae=magna&mauris=bibendum&viverra=imperdiet&diam=nullam&vitae=orci&quam=pede&suspendisse=venenatis&potenti=non&nullam=sodales&porttitor=sed&lacus=tincidunt&at=eu&turpis=felis&donec=fusce&posuere=posuere&metus=felis&vitae=sed', '#d8c6ca', '2023-08-29 07:51:19', null);
insert into PRODUCT (id, post_id, user_id, title, price, sale_price, time, content, url, tag, created_date, updated_date) values (93, 21, 1, 'Proin risus.', 51473, 10802, null, 'Quisque arcu libero, rutrum ac, lobortis vel, dapibus at, diam. Nam tristique tortor eu pede.', 'https://youku.com/libero/quis/orci/nullam/molestie/nibh.xml?purus=sapien&aliquet=urna&at=pretium&feugiat=nisl&non=ut&pretium=volutpat&quis=sapien&lectus=arcu&suspendisse=sed&potenti=augue&in=aliquam&eleifend=erat&quam=volutpat&a=in&odio=congue&in=etiam&hac=justo&habitasse=etiam&platea=pretium&dictumst=iaculis&maecenas=justo&ut=in&massa=hac&quis=habitasse&augue=platea&luctus=dictumst&tincidunt=etiam&nulla=faucibus&mollis=cursus&molestie=urna&lorem=ut&quisque=tellus&ut=nulla&erat=ut&curabitur=erat&gravida=id&nisi=mauris&at=vulputate&nibh=elementum&in=nullam&hac=varius&habitasse=nulla&platea=facilisi&dictumst=cras&aliquam=non&augue=velit&quam=nec&sollicitudin=nisi&vitae=vulputate&consectetuer=nonummy&eget=maecenas&rutrum=tincidunt&at=lacus&lorem=at&integer=velit&tincidunt=vivamus&ante=vel&vel=nulla&ipsum=eget&praesent=eros&blandit=elementum&lacinia=pellentesque&erat=quisque&vestibulum=porta&sed=volutpat&magna=erat&at=quisque&nunc=erat&commodo=eros&placerat=viverra&praesent=eget&blandit=congue&nam=eget&nulla=semper&integer=rutrum&pede=nulla&justo=nunc&lacinia=purus&eget=phasellus&tincidunt=in&eget=felis&tempus=donec&vel=semper&pede=sapien&morbi=a&porttitor=libero&lorem=nam&id=dui&ligula=proin&suspendisse=leo&ornare=odio&consequat=porttitor&lectus=id&in=consequat&est=in', '#e9248b', '2024-01-04 11:03:31', null);
insert into PRODUCT (id, post_id, user_id, title, price, sale_price, time, content, url, tag, created_date, updated_date) values (94, 43, 16, 'Nulla tellus.', 11050, 43772, null, 'Aenean sit amet justo. Morbi ut odio. Cras mi pede, malesuada in, imperdiet et, commodo vulputate, justo. In blandit ultrices enim. Lorem ipsum dolor sit amet, consectetuer adipiscing elit.', 'https://sina.com.cn/erat/curabitur/gravida/nisi/at/nibh/in.png?ultrices=risus&enim=dapibus&lorem=augue&ipsum=vel&dolor=accumsan&sit=tellus&amet=nisi&consectetuer=eu&adipiscing=orci&elit=mauris&proin=lacinia&interdum=sapien&mauris=quis&non=libero&ligula=nullam&pellentesque=sit&ultrices=amet&phasellus=turpis&id=elementum&sapien=ligula&in=vehicula&sapien=consequat&iaculis=morbi&congue=a&vivamus=ipsum&metus=integer&arcu=a&adipiscing=nibh', '#9912bb', '2023-11-21 11:09:21', null);
insert into PRODUCT (id, post_id, user_id, title, price, sale_price, time, content, url, tag, created_date, updated_date) values (95, 25, 1, 'Suspendisse potenti.', 45627, 47732, null, 'Donec posuere metus vitae ipsum. Aliquam non mauris. Morbi non lectus. Aliquam sit amet diam in magna bibendum imperdiet.', 'https://typepad.com/porttitor/id.js?ultrices=in&posuere=faucibus&cubilia=orci&curae=luctus&duis=et&faucibus=ultrices&accumsan=posuere&odio=cubilia&curabitur=curae&convallis=mauris&duis=viverra&consequat=diam&dui=vitae&nec=quam&nisi=suspendisse&volutpat=potenti&eleifend=nullam&donec=porttitor&ut=lacus&dolor=at&morbi=turpis&vel=donec&lectus=posuere&in=metus&quam=vitae&fringilla=ipsum&rhoncus=aliquam&mauris=non&enim=mauris&leo=morbi&rhoncus=non&sed=lectus&vestibulum=aliquam&sit=sit&amet=amet&cursus=diam&id=in&turpis=magna&integer=bibendum&aliquet=imperdiet&massa=nullam&id=orci&lobortis=pede&convallis=venenatis&tortor=non&risus=sodales&dapibus=sed&augue=tincidunt&vel=eu&accumsan=felis&tellus=fusce&nisi=posuere&eu=felis&orci=sed&mauris=lacus&lacinia=morbi&sapien=sem&quis=mauris&libero=laoreet&nullam=ut&sit=rhoncus&amet=aliquet&turpis=pulvinar&elementum=sed&ligula=nisl&vehicula=nunc&consequat=rhoncus&morbi=dui&a=vel&ipsum=sem&integer=sed&a=sagittis&nibh=nam&in=congue&quis=risus&justo=semper&maecenas=porta&rhoncus=volutpat&aliquam=quam&lacus=pede&morbi=lobortis&quis=ligula&tortor=sit&id=amet&nulla=eleifend&ultrices=pede&aliquet=libero&maecenas=quis&leo=orci&odio=nullam&condimentum=molestie', '#a88319', '2023-08-25 20:55:43', null);
insert into PRODUCT (id, post_id, user_id, title, price, sale_price, time, content, url, tag, created_date, updated_date) values (96, 33, 6, 'Pellentesque ultrices mattis odio.', 41213, 17008, null, 'Mauris lacinia sapien quis libero. Nullam sit amet turpis elementum ligula vehicula consequat. Morbi a ipsum. Integer a nibh.', 'https://canalblog.com/sit/amet/sapien/dignissim/vestibulum/vestibulum.js?hendrerit=sapien&at=placerat&vulputate=ante&vitae=nulla&nisl=justo&aenean=aliquam&lectus=quis&pellentesque=turpis&eget=eget&nunc=elit&donec=sodales&quis=scelerisque&orci=mauris&eget=sit&orci=amet&vehicula=eros&condimentum=suspendisse&curabitur=accumsan&in=tortor&libero=quis&ut=turpis&massa=sed&volutpat=ante&convallis=vivamus&morbi=tortor&odio=duis&odio=mattis&elementum=egestas&eu=metus&interdum=aenean&eu=fermentum&tincidunt=donec&in=ut&leo=mauris&maecenas=eget&pulvinar=massa&lobortis=tempor&est=convallis&phasellus=nulla&sit=neque&amet=libero&erat=convallis&nulla=eget&tempus=eleifend&vivamus=luctus&in=ultricies&felis=eu&eu=nibh&sapien=quisque&cursus=id&vestibulum=justo&proin=sit&eu=amet&mi=sapien&nulla=dignissim', '#ac821a', '2023-12-23 15:53:20', null);
insert into PRODUCT (id, post_id, user_id, title, price, sale_price, time, content, url, tag, created_date, updated_date) values (97, 2, 9, 'Vivamus vel nulla eget eros elementum pellentesque.', 48844, 16549, null, 'Vivamus vestibulum sagittis sapien. Cum sociis natoque penatibus et magnis dis parturient montes, nascetur ridiculus mus. Etiam vel augue. Vestibulum rutrum rutrum neque. Aenean auctor gravida sem.', 'https://sakura.ne.jp/sem/duis/aliquam/convallis/nunc/proin.jsp?turpis=penatibus&a=et&pede=magnis&posuere=dis&nonummy=parturient&integer=montes&non=nascetur&velit=ridiculus&donec=mus&diam=vivamus&neque=vestibulum&vestibulum=sagittis&eget=sapien&vulputate=cum&ut=sociis&ultrices=natoque&vel=penatibus&augue=et&vestibulum=magnis&ante=dis&ipsum=parturient&primis=montes&in=nascetur&faucibus=ridiculus&orci=mus&luctus=etiam&et=vel', '#7d8ab5', '2023-10-03 01:53:16', null);
insert into PRODUCT (id, post_id, user_id, title, price, sale_price, time, content, url, tag, created_date, updated_date) values (98, 30, 2, 'Fusce lacus purus, aliquet at, feugiat non, pretium quis, lectus.', 53190, 57669, null, 'Morbi quis tortor id nulla ultrices aliquet. Maecenas leo odio, condimentum id, luctus nec, molestie sed, justo. Pellentesque viverra pede ac diam.', 'https://ovh.net/proin/eu/mi/nulla/ac/enim/in.jsp?sapien=erat&arcu=fermentum&sed=justo&augue=nec&aliquam=condimentum&erat=neque&volutpat=sapien&in=placerat&congue=ante&etiam=nulla&justo=justo&etiam=aliquam&pretium=quis&iaculis=turpis&justo=eget&in=elit&hac=sodales&habitasse=scelerisque&platea=mauris&dictumst=sit&etiam=amet', '#860e29', '2023-09-19 03:29:38', null);
insert into PRODUCT (id, post_id, user_id, title, price, sale_price, time, content, url, tag, created_date, updated_date) values (99, 49, 16, 'Donec posuere metus vitae ipsum.', 54159, 20285, null, 'Morbi non quam nec dui luctus rutrum. Nulla tellus. In sagittis dui vel nisl. Duis ac nibh. Fusce lacus purus, aliquet at, feugiat non, pretium quis, lectus.', 'https://themeforest.net/blandit/non/interdum.jpg?ligula=leo&suspendisse=odio&ornare=porttitor&consequat=id&lectus=consequat&in=in&est=consequat&risus=ut&auctor=nulla&sed=sed&tristique=accumsan&in=felis&tempus=ut&sit=at&amet=dolor&sem=quis&fusce=odio&consequat=consequat&nulla=varius&nisl=integer&nunc=ac&nisl=leo&duis=pellentesque&bibendum=ultrices&felis=mattis&sed=odio&interdum=donec&venenatis=vitae&turpis=nisi&enim=nam&blandit=ultrices&mi=libero&in=non&porttitor=mattis&pede=pulvinar&justo=nulla&eu=pede&massa=ullamcorper&donec=augue&dapibus=a&duis=suscipit&at=nulla&velit=elit&eu=ac&est=nulla&congue=sed&elementum=vel&in=enim&hac=sit&habitasse=amet&platea=nunc&dictumst=viverra&morbi=dapibus&vestibulum=nulla&velit=suscipit&id=ligula&pretium=in&iaculis=lacus&diam=curabitur&erat=at&fermentum=ipsum&justo=ac&nec=tellus&condimentum=semper&neque=interdum&sapien=mauris&placerat=ullamcorper&ante=purus&nulla=sit&justo=amet&aliquam=nulla&quis=quisque&turpis=arcu&eget=libero&elit=rutrum&sodales=ac&scelerisque=lobortis&mauris=vel&sit=dapibus&amet=at&eros=diam&suspendisse=nam&accumsan=tristique&tortor=tortor&quis=eu&turpis=pede', '#3271a7', '2023-08-17 01:08:40', null);
insert into PRODUCT (id, post_id, user_id, title, price, sale_price, time, content, url, tag, created_date, updated_date) values (100, 8, 20, 'Nulla nisl.', 20495, 8935, null, 'Quisque id justo sit amet sapien dignissim vestibulum. Vestibulum ante ipsum primis in faucibus orci luctus et ultrices posuere cubilia Curae; Nulla dapibus dolor vel est. Donec odio justo, sollicitudin ut, suscipit a, feugiat et, eros.', 'https://economist.com/vestibulum/ante/ipsum.jsp?magna=ultrices&vestibulum=posuere&aliquet=cubilia&ultrices=curae&erat=duis&tortor=faucibus&sollicitudin=accumsan&mi=odio&sit=curabitur&amet=convallis&lobortis=duis&sapien=consequat&sapien=dui&non=nec&mi=nisi&integer=volutpat&ac=eleifend&neque=donec&duis=ut&bibendum=dolor&morbi=morbi&non=vel&quam=lectus&nec=in&dui=quam&luctus=fringilla&rutrum=rhoncus&nulla=mauris&tellus=enim&in=leo&sagittis=rhoncus&dui=sed&vel=vestibulum&nisl=sit&duis=amet&ac=cursus&nibh=id&fusce=turpis&lacus=integer&purus=aliquet&aliquet=massa&at=id&feugiat=lobortis&non=convallis&pretium=tortor&quis=risus&lectus=dapibus&suspendisse=augue&potenti=vel&in=accumsan&eleifend=tellus&quam=nisi&a=eu&odio=orci&in=mauris&hac=lacinia&habitasse=sapien&platea=quis&dictumst=libero&maecenas=nullam&ut=sit&massa=amet&quis=turpis&augue=elementum&luctus=ligula&tincidunt=vehicula&nulla=consequat&mollis=morbi&molestie=a&lorem=ipsum&quisque=integer&ut=a&erat=nibh&curabitur=in&gravida=quis&nisi=justo&at=maecenas&nibh=rhoncus', '#b33169', '2023-12-19 04:27:40', null);



-- BOOKMARK 데이터
insert into BOOKMARK (id, user_id, post_id, created_date, updated_date) values (1, 19, 21, '2023-12-06 13:28:20', null);
insert into BOOKMARK (id, user_id, post_id, created_date, updated_date) values (2, 3, 36, '2023-11-13 07:04:29', null);
insert into BOOKMARK (id, user_id, post_id, created_date, updated_date) values (3, 19, 35, '2023-11-20 12:08:39', null);
insert into BOOKMARK (id, user_id, post_id, created_date, updated_date) values (4, 13, 34, '2024-01-07 19:25:50', null);
insert into BOOKMARK (id, user_id, post_id, created_date, updated_date) values (5, 15, 29, '2024-01-10 05:42:53', null);
insert into BOOKMARK (id, user_id, post_id, created_date, updated_date) values (6, 14, 50, '2023-11-27 04:06:57', null);
insert into BOOKMARK (id, user_id, post_id, created_date, updated_date) values (7, 13, 9, '2023-11-27 00:13:25', null);
insert into BOOKMARK (id, user_id, post_id, created_date, updated_date) values (8, 10, 46, '2023-11-12 00:17:07', null);
insert into BOOKMARK (id, user_id, post_id, created_date, updated_date) values (9, 18, 37, '2023-11-11 23:05:17', null);
insert into BOOKMARK (id, user_id, post_id, created_date, updated_date) values (10, 15, 27, '2023-12-12 13:00:10', null);
insert into BOOKMARK (id, user_id, post_id, created_date, updated_date) values (11, 8, 24, '2023-12-24 15:16:15', null);
insert into BOOKMARK (id, user_id, post_id, created_date, updated_date) values (12, 4, 19, '2024-01-06 12:56:03', null);
insert into BOOKMARK (id, user_id, post_id, created_date, updated_date) values (13, 19, 43, '2023-11-25 12:14:57', null);
insert into BOOKMARK (id, user_id, post_id, created_date, updated_date) values (14, 4, 26, '2023-12-23 03:38:05', null);
insert into BOOKMARK (id, user_id, post_id, created_date, updated_date) values (15, 17, 34, '2024-01-11 12:07:04', null);
insert into BOOKMARK (id, user_id, post_id, created_date, updated_date) values (16, 19, 30, '2023-12-09 14:04:54', null);
insert into BOOKMARK (id, user_id, post_id, created_date, updated_date) values (17, 14, 13, '2023-12-05 21:14:13', null);
insert into BOOKMARK (id, user_id, post_id, created_date, updated_date) values (18, 18, 17, '2024-01-05 00:09:23', null);
insert into BOOKMARK (id, user_id, post_id, created_date, updated_date) values (19, 2, 1, '2024-01-11 01:02:56', null);
insert into BOOKMARK (id, user_id, post_id, created_date, updated_date) values (20, 7, 11, '2023-11-28 12:57:58', null);
insert into BOOKMARK (id, user_id, post_id, created_date, updated_date) values (21, 4, 11, '2023-11-11 15:09:23', null);
insert into BOOKMARK (id, user_id, post_id, created_date, updated_date) values (22, 10, 13, '2024-01-02 15:31:47', null);
insert into BOOKMARK (id, user_id, post_id, created_date, updated_date) values (23, 10, 1, '2023-12-08 02:59:42', null);
insert into BOOKMARK (id, user_id, post_id, created_date, updated_date) values (24, 12, 6, '2023-12-15 20:47:04', null);
insert into BOOKMARK (id, user_id, post_id, created_date, updated_date) values (25, 17, 38, '2023-12-01 16:25:59', null);
insert into BOOKMARK (id, user_id, post_id, created_date, updated_date) values (26, 9, 29, '2023-12-21 12:45:43', null);
insert into BOOKMARK (id, user_id, post_id, created_date, updated_date) values (27, 13, 1, '2023-12-15 13:58:20', null);
insert into BOOKMARK (id, user_id, post_id, created_date, updated_date) values (28, 16, 17, '2023-11-08 05:39:56', null);
insert into BOOKMARK (id, user_id, post_id, created_date, updated_date) values (29, 13, 1, '2023-12-15 11:34:18', null);
insert into BOOKMARK (id, user_id, post_id, created_date, updated_date) values (30, 2, 7, '2023-12-31 20:09:39', null);
insert into BOOKMARK (id, user_id, post_id, created_date, updated_date) values (31, 16, 3, '2023-12-24 19:41:50', null);
insert into BOOKMARK (id, user_id, post_id, created_date, updated_date) values (32, 19, 14, '2024-01-11 13:22:13', null);
insert into BOOKMARK (id, user_id, post_id, created_date, updated_date) values (33, 8, 49, '2024-01-06 18:46:36', null);
insert into BOOKMARK (id, user_id, post_id, created_date, updated_date) values (34, 1, 48, '2023-12-28 04:13:43', null);
insert into BOOKMARK (id, user_id, post_id, created_date, updated_date) values (35, 5, 32, '2023-12-01 17:51:56', null);
insert into BOOKMARK (id, user_id, post_id, created_date, updated_date) values (36, 6, 35, '2023-12-16 13:00:46', null);
insert into BOOKMARK (id, user_id, post_id, created_date, updated_date) values (37, 11, 24, '2023-12-30 21:50:58', null);
insert into BOOKMARK (id, user_id, post_id, created_date, updated_date) values (38, 12, 47, '2024-01-07 21:32:47', null);
insert into BOOKMARK (id, user_id, post_id, created_date, updated_date) values (39, 18, 32, '2023-11-13 07:45:49', null);
insert into BOOKMARK (id, user_id, post_id, created_date, updated_date) values (40, 9, 38, '2023-12-05 01:53:35', null);
insert into BOOKMARK (id, user_id, post_id, created_date, updated_date) values (41, 7, 10, '2024-01-09 03:57:47', null);
insert into BOOKMARK (id, user_id, post_id, created_date, updated_date) values (42, 12, 19, '2023-11-30 09:57:03', null);
insert into BOOKMARK (id, user_id, post_id, created_date, updated_date) values (43, 7, 14, '2024-01-09 20:59:49', null);
insert into BOOKMARK (id, user_id, post_id, created_date, updated_date) values (44, 17, 13, '2023-12-16 12:25:21', null);
insert into BOOKMARK (id, user_id, post_id, created_date, updated_date) values (45, 9, 17, '2023-11-18 22:52:22', null);
insert into BOOKMARK (id, user_id, post_id, created_date, updated_date) values (46, 5, 6, '2023-12-15 16:58:14', null);
insert into BOOKMARK (id, user_id, post_id, created_date, updated_date) values (47, 13, 37, '2023-11-30 23:29:36', null);
insert into BOOKMARK (id, user_id, post_id, created_date, updated_date) values (48, 16, 22, '2023-12-31 20:11:04', null);
insert into BOOKMARK (id, user_id, post_id, created_date, updated_date) values (49, 9, 35, '2024-01-13 12:39:50', null);
insert into BOOKMARK (id, user_id, post_id, created_date, updated_date) values (50, 14, 35, '2023-11-26 16:12:18', null);



-- LIKES 데이터
insert into LIKES (id, user_id, product_id, created_date, updated_date) values (1, 3, 80, '2023-12-07 06:51:59', null);
insert into LIKES (id, user_id, product_id, created_date, updated_date) values (2, 13, 32, '2023-11-24 01:42:31', null);
insert into LIKES (id, user_id, product_id, created_date, updated_date) values (3, 6, 45, '2023-11-14 01:28:01', null);
insert into LIKES (id, user_id, product_id, created_date, updated_date) values (4, 14, 56, '2023-12-15 11:57:48', null);
insert into LIKES (id, user_id, product_id, created_date, updated_date) values (5, 20, 64, '2023-11-25 02:04:27', null);
insert into LIKES (id, user_id, product_id, created_date, updated_date) values (6, 20, 70, '2024-01-02 13:22:34', null);
insert into LIKES (id, user_id, product_id, created_date, updated_date) values (7, 6, 9, '2023-12-11 06:07:27', null);
insert into LIKES (id, user_id, product_id, created_date, updated_date) values (8, 5, 74, '2023-12-03 20:21:59', null);
insert into LIKES (id, user_id, product_id, created_date, updated_date) values (9, 13, 81, '2023-11-18 18:51:12', null);
insert into LIKES (id, user_id, product_id, created_date, updated_date) values (10, 5, 38, '2023-11-26 12:21:13', null);
insert into LIKES (id, user_id, product_id, created_date, updated_date) values (11, 17, 80, '2024-01-11 02:34:38', null);
insert into LIKES (id, user_id, product_id, created_date, updated_date) values (12, 10, 15, '2023-11-27 07:53:24', null);
insert into LIKES (id, user_id, product_id, created_date, updated_date) values (13, 18, 78, '2023-12-20 17:39:26', null);
insert into LIKES (id, user_id, product_id, created_date, updated_date) values (14, 12, 65, '2023-11-29 06:00:11', null);
insert into LIKES (id, user_id, product_id, created_date, updated_date) values (15, 5, 30, '2024-01-06 02:02:36', null);
insert into LIKES (id, user_id, product_id, created_date, updated_date) values (16, 15, 68, '2023-11-20 23:11:03', null);
insert into LIKES (id, user_id, product_id, created_date, updated_date) values (17, 16, 38, '2023-11-22 16:59:09', null);
insert into LIKES (id, user_id, product_id, created_date, updated_date) values (18, 19, 78, '2023-12-14 22:27:05', null);
insert into LIKES (id, user_id, product_id, created_date, updated_date) values (19, 9, 86, '2024-01-13 15:07:51', null);
insert into LIKES (id, user_id, product_id, created_date, updated_date) values (20, 11, 4, '2023-12-10 14:17:00', null);
insert into LIKES (id, user_id, product_id, created_date, updated_date) values (21, 16, 13, '2023-12-11 12:43:50', null);
insert into LIKES (id, user_id, product_id, created_date, updated_date) values (22, 10, 75, '2023-12-26 21:00:49', null);
insert into LIKES (id, user_id, product_id, created_date, updated_date) values (23, 18, 16, '2023-11-15 01:08:44', null);
insert into LIKES (id, user_id, product_id, created_date, updated_date) values (24, 17, 12, '2023-12-29 11:10:15', null);
insert into LIKES (id, user_id, product_id, created_date, updated_date) values (25, 17, 4, '2023-12-09 11:03:41', null);
insert into LIKES (id, user_id, product_id, created_date, updated_date) values (26, 8, 98, '2023-11-20 20:32:17', null);
insert into LIKES (id, user_id, product_id, created_date, updated_date) values (27, 5, 96, '2023-12-19 19:10:29', null);
insert into LIKES (id, user_id, product_id, created_date, updated_date) values (28, 18, 22, '2023-11-13 00:17:56', null);
insert into LIKES (id, user_id, product_id, created_date, updated_date) values (29, 3, 57, '2023-11-23 08:24:56', null);
insert into LIKES (id, user_id, product_id, created_date, updated_date) values (30, 2, 42, '2023-12-12 06:39:03', null);
insert into LIKES (id, user_id, product_id, created_date, updated_date) values (31, 19, 53, '2023-12-15 06:38:48', null);
insert into LIKES (id, user_id, product_id, created_date, updated_date) values (32, 1, 49, '2023-11-24 22:07:00', null);
insert into LIKES (id, user_id, product_id, created_date, updated_date) values (33, 6, 78, '2023-12-07 16:35:32', null);
insert into LIKES (id, user_id, product_id, created_date, updated_date) values (34, 2, 73, '2023-11-21 08:08:12', null);
insert into LIKES (id, user_id, product_id, created_date, updated_date) values (35, 14, 16, '2023-12-14 15:06:49', null);
insert into LIKES (id, user_id, product_id, created_date, updated_date) values (36, 12, 85, '2024-01-05 03:40:56', null);
insert into LIKES (id, user_id, product_id, created_date, updated_date) values (37, 20, 87, '2023-12-14 04:01:58', null);
insert into LIKES (id, user_id, product_id, created_date, updated_date) values (38, 5, 82, '2023-12-27 05:53:51', null);
insert into LIKES (id, user_id, product_id, created_date, updated_date) values (39, 6, 94, '2023-12-20 07:39:40', null);
insert into LIKES (id, user_id, product_id, created_date, updated_date) values (40, 18, 46, '2024-01-13 19:50:28', null);
insert into LIKES (id, user_id, product_id, created_date, updated_date) values (41, 2, 70, '2023-12-05 19:31:19', null);
insert into LIKES (id, user_id, product_id, created_date, updated_date) values (42, 7, 53, '2023-12-10 21:48:21', null);
insert into LIKES (id, user_id, product_id, created_date, updated_date) values (43, 9, 89, '2023-12-07 01:14:59', null);
insert into LIKES (id, user_id, product_id, created_date, updated_date) values (44, 18, 52, '2023-12-02 17:33:32', null);
insert into LIKES (id, user_id, product_id, created_date, updated_date) values (45, 16, 25, '2024-01-07 10:47:03', null);
insert into LIKES (id, user_id, product_id, created_date, updated_date) values (46, 17, 22, '2023-12-28 16:42:55', null);
insert into LIKES (id, user_id, product_id, created_date, updated_date) values (47, 16, 90, '2023-12-09 14:08:18', null);
insert into LIKES (id, user_id, product_id, created_date, updated_date) values (48, 13, 100, '2023-12-02 03:15:04', null);
insert into LIKES (id, user_id, product_id, created_date, updated_date) values (49, 14, 51, '2023-11-25 21:18:04', null);
insert into LIKES (id, user_id, product_id, created_date, updated_date) values (50, 8, 13, '2023-11-27 18:42:01', null);
insert into LIKES (id, user_id, product_id, created_date, updated_date) values (51, 9, 2, '2023-12-14 16:49:53', null);
insert into LIKES (id, user_id, product_id, created_date, updated_date) values (52, 19, 33, '2023-12-18 00:55:08', null);
insert into LIKES (id, user_id, product_id, created_date, updated_date) values (53, 19, 21, '2024-01-13 05:20:03', null);
insert into LIKES (id, user_id, product_id, created_date, updated_date) values (54, 3, 80, '2023-12-14 09:20:37', null);
insert into LIKES (id, user_id, product_id, created_date, updated_date) values (55, 14, 35, '2023-12-01 22:31:22', null);
insert into LIKES (id, user_id, product_id, created_date, updated_date) values (56, 13, 26, '2023-12-18 08:44:25', null);
insert into LIKES (id, user_id, product_id, created_date, updated_date) values (57, 18, 68, '2023-11-18 11:16:59', null);
insert into LIKES (id, user_id, product_id, created_date, updated_date) values (58, 4, 42, '2024-01-09 10:22:49', null);
insert into LIKES (id, user_id, product_id, created_date, updated_date) values (59, 1, 100, '2023-12-06 23:15:45', null);
insert into LIKES (id, user_id, product_id, created_date, updated_date) values (60, 5, 87, '2023-12-04 01:14:19', null);
insert into LIKES (id, user_id, product_id, created_date, updated_date) values (61, 10, 95, '2023-11-20 14:37:53', null);
insert into LIKES (id, user_id, product_id, created_date, updated_date) values (62, 3, 26, '2023-12-27 04:56:05', null);
insert into LIKES (id, user_id, product_id, created_date, updated_date) values (63, 16, 9, '2023-12-04 08:08:59', null);
insert into LIKES (id, user_id, product_id, created_date, updated_date) values (64, 9, 28, '2024-01-10 17:14:32', null);
insert into LIKES (id, user_id, product_id, created_date, updated_date) values (65, 9, 68, '2023-12-18 07:31:23', null);
insert into LIKES (id, user_id, product_id, created_date, updated_date) values (66, 1, 56, '2024-01-04 01:50:50', null);
insert into LIKES (id, user_id, product_id, created_date, updated_date) values (67, 19, 34, '2023-11-25 23:23:28', null);
insert into LIKES (id, user_id, product_id, created_date, updated_date) values (68, 10, 8, '2023-11-27 18:31:53', null);
insert into LIKES (id, user_id, product_id, created_date, updated_date) values (69, 3, 55, '2023-12-24 19:41:47', null);
insert into LIKES (id, user_id, product_id, created_date, updated_date) values (70, 9, 92, '2024-01-11 17:42:06', null);
